#usda 1.0
(
    defaultPrim = "ceramic_mug_001"
    kilogramsPerUnit = 1
    metersPerUnit = 1
    upAxis = "Z"
)

def Xform "ceramic_mug_001" (
    prepend apiSchemas = ["PhysicsRigidBodyAPI", "PhysicsMassAPI", "SemanticsLabelsAPI:class", "MaterialBindingAPI"]
    kind = "component"
)
{
    rel material:binding:physics = </ceramic_mug_001/physics_materials/surface>
    point3f physics:centerOfMass = (0.004490578, 6.3368843e-18, 0.040923975)
    float3 physics:diagonalInertia = (0.00036601088, 0.00041485036, 0.00048626435)
    bool physics:kinematicEnabled = 0
    float physics:mass = 0.295
    quatf physics:principalAxes = (0.44022492, 0.44022492, 0.5533553, -0.5533553)
    bool physics:rigidBodyEnabled = 1
    token[] semantics:labels:class = ["ceramic_mug"]

    def "physics_materials"
    {
        def Material "surface" (
            prepend apiSchemas = ["PhysicsMaterialAPI"]
        )
        {
            float physics:dynamicFriction = 0.35
            float physics:restitution = 0.05
            float physics:staticFriction = 0.45
        }
    }

    def Scope "colliders"
    {
        def Mesh "closed_floor" (
            prepend apiSchemas = ["PhysicsCollisionAPI", "PhysicsMeshCollisionAPI", "MaterialBindingAPI"]
        )
        {
            float3[] extent = [(-0.033, -0.033, 0), (0.033, 0.033, 0.006)]
            int[] faceVertexCounts = [48, 48, 4, 4, 4, 4, 4, 4, 4, 4, 4, 4, 4, 4, 4, 4, 4, 4, 4, 4, 4, 4, 4, 4, 4, 4, 4, 4, 4, 4, 4, 4, 4, 4, 4, 4, 4, 4, 4, 4, 4, 4, 4, 4, 4, 4, 4, 4, 4, 4]
            int[] faceVertexIndices = [47, 46, 45, 44, 43, 42, 41, 40, 39, 38, 37, 36, 35, 34, 33, 32, 31, 30, 29, 28, 27, 26, 25, 24, 23, 22, 21, 20, 19, 18, 17, 16, 15, 14, 13, 12, 11, 10, 9, 8, 7, 6, 5, 4, 3, 2, 1, 0, 48, 49, 50, 51, 52, 53, 54, 55, 56, 57, 58, 59, 60, 61, 62, 63, 64, 65, 66, 67, 68, 69, 70, 71, 72, 73, 74, 75, 76, 77, 78, 79, 80, 81, 82, 83, 84, 85, 86, 87, 88, 89, 90, 91, 92, 93, 94, 95, 0, 1, 49, 48, 1, 2, 50, 49, 2, 3, 51, 50, 3, 4, 52, 51, 4, 5, 53, 52, 5, 6, 54, 53, 6, 7, 55, 54, 7, 8, 56, 55, 8, 9, 57, 56, 9, 10, 58, 57, 10, 11, 59, 58, 11, 12, 60, 59, 12, 13, 61, 60, 13, 14, 62, 61, 14, 15, 63, 62, 15, 16, 64, 63, 16, 17, 65, 64, 17, 18, 66, 65, 18, 19, 67, 66, 19, 20, 68, 67, 20, 21, 69, 68, 21, 22, 70, 69, 22, 23, 71, 70, 23, 24, 72, 71, 24, 25, 73, 72, 25, 26, 74, 73, 26, 27, 75, 74, 27, 28, 76, 75, 28, 29, 77, 76, 29, 30, 78, 77, 30, 31, 79, 78, 31, 32, 80, 79, 32, 33, 81, 80, 33, 34, 82, 81, 34, 35, 83, 82, 35, 36, 84, 83, 36, 37, 85, 84, 37, 38, 86, 85, 38, 39, 87, 86, 39, 40, 88, 87, 40, 41, 89, 88, 41, 42, 90, 89, 42, 43, 91, 90, 43, 44, 92, 91, 44, 45, 93, 92, 45, 46, 94, 93, 46, 47, 95, 94, 47, 0, 48, 95]
            rel material:binding:physics = </ceramic_mug_001/physics_materials/surface>
            uniform token physics:approximation = "convexHull"
            bool physics:collisionEnabled = 1
            point3f[] points = [(0.033, 0, 0), (0.03271768, 0.004307364, 0), (0.03187555, 0.008541029, 0), (0.030488025, 0.012628553, 0), (0.028578838, 0.0165, 0), (0.02618066, 0.020089127, 0), (0.023334524, 0.023334524, 0), (0.020089127, 0.02618066, 0), (0.0165, 0.028578838, 0), (0.012628553, 0.030488025, 0), (0.008541029, 0.03187555, 0), (0.004307364, 0.03271768, 0), (2.0206672e-18, 0.033, 0), (-0.004307364, 0.03271768, 0), (-0.008541029, 0.03187555, 0), (-0.012628553, 0.030488025, 0), (-0.0165, 0.028578838, 0), (-0.020089127, 0.02618066, 0), (-0.023334524, 0.023334524, 0), (-0.02618066, 0.020089127, 0), (-0.028578838, 0.0165, 0), (-0.030488025, 0.012628553, 0), (-0.03187555, 0.008541029, 0), (-0.03271768, 0.004307364, 0), (-0.033, 4.0413344e-18, 0), (-0.03271768, -0.004307364, 0), (-0.03187555, -0.008541029, 0), (-0.030488025, -0.012628553, 0), (-0.028578838, -0.0165, 0), (-0.02618066, -0.020089127, 0), (-0.023334524, -0.023334524, 0), (-0.020089127, -0.02618066, 0), (-0.0165, -0.028578838, 0), (-0.012628553, -0.030488025, 0), (-0.008541029, -0.03187555, 0), (-0.004307364, -0.03271768, 0), (-6.062002e-18, -0.033, 0), (0.004307364, -0.03271768, 0), (0.008541029, -0.03187555, 0), (0.012628553, -0.030488025, 0), (0.0165, -0.028578838, 0), (0.020089127, -0.02618066, 0), (0.023334524, -0.023334524, 0), (0.02618066, -0.020089127, 0), (0.028578838, -0.0165, 0), (0.030488025, -0.012628553, 0), (0.03187555, -0.008541029, 0), (0.03271768, -0.004307364, 0), (0.033, 0, 0.006), (0.03271768, 0.004307364, 0.006), (0.03187555, 0.008541029, 0.006), (0.030488025, 0.012628553, 0.006), (0.028578838, 0.0165, 0.006), (0.02618066, 0.020089127, 0.006), (0.023334524, 0.023334524, 0.006), (0.020089127, 0.02618066, 0.006), (0.0165, 0.028578838, 0.006), (0.012628553, 0.030488025, 0.006), (0.008541029, 0.03187555, 0.006), (0.004307364, 0.03271768, 0.006), (2.0206672e-18, 0.033, 0.006), (-0.004307364, 0.03271768, 0.006), (-0.008541029, 0.03187555, 0.006), (-0.012628553, 0.030488025, 0.006), (-0.0165, 0.028578838, 0.006), (-0.020089127, 0.02618066, 0.006), (-0.023334524, 0.023334524, 0.006), (-0.02618066, 0.020089127, 0.006), (-0.028578838, 0.0165, 0.006), (-0.030488025, 0.012628553, 0.006), (-0.03187555, 0.008541029, 0.006), (-0.03271768, 0.004307364, 0.006), (-0.033, 4.0413344e-18, 0.006), (-0.03271768, -0.004307364, 0.006), (-0.03187555, -0.008541029, 0.006), (-0.030488025, -0.012628553, 0.006), (-0.028578838, -0.0165, 0.006), (-0.02618066, -0.020089127, 0.006), (-0.023334524, -0.023334524, 0.006), (-0.020089127, -0.02618066, 0.006), (-0.0165, -0.028578838, 0.006), (-0.012628553, -0.030488025, 0.006), (-0.008541029, -0.03187555, 0.006), (-0.004307364, -0.03271768, 0.006), (-6.062002e-18, -0.033, 0.006), (0.004307364, -0.03271768, 0.006), (0.008541029, -0.03187555, 0.006), (0.012628553, -0.030488025, 0.006), (0.0165, -0.028578838, 0.006), (0.020089127, -0.02618066, 0.006), (0.023334524, -0.023334524, 0.006), (0.02618066, -0.020089127, 0.006), (0.028578838, -0.0165, 0.006), (0.030488025, -0.012628553, 0.006), (0.03187555, -0.008541029, 0.006), (0.03271768, -0.004307364, 0.006)]
            uniform token purpose = "guide"
            uniform token subdivisionScheme = "none"
            token visibility = "invisible"
        }

        def Mesh "wall_00" (
            prepend apiSchemas = ["PhysicsCollisionAPI", "PhysicsMeshCollisionAPI", "MaterialBindingAPI"]
        )
        {
            float3[] extent = [(0.03004078, 0, 0.004), (0.0398, 0.0051949425, 0.095)]
            int[] faceVertexCounts = [4, 4, 4, 4, 4, 4]
            int[] faceVertexIndices = [3, 2, 1, 0, 0, 1, 5, 4, 1, 2, 6, 5, 2, 3, 7, 6, 3, 0, 4, 7, 4, 5, 6, 7]
            rel material:binding:physics = </ceramic_mug_001/physics_materials/surface>
            uniform token physics:approximation = "convexHull"
            bool physics:collisionEnabled = 1
            point3f[] points = [(0.0338, 0, 0.004), (0.033510838, 0.0044117854, 0.004), (0.03004078, 0.0039549437, 0.004), (0.0303, 0, 0.004), (0.0398, 0, 0.095), (0.039459504, 0.0051949425, 0.095), (0.035890304, 0.0047250483, 0.095), (0.0362, 0, 0.095)]
            uniform token purpose = "guide"
            uniform token subdivisionScheme = "none"
            token visibility = "invisible"
        }

        def Mesh "wall_01" (
            prepend apiSchemas = ["PhysicsCollisionAPI", "PhysicsMeshCollisionAPI", "MaterialBindingAPI"]
        )
        {
            float3[] extent = [(0.029267553, 0.0039549437, 0.004), (0.039459504, 0.010300998, 0.095)]
            int[] faceVertexCounts = [4, 4, 4, 4, 4, 4]
            int[] faceVertexIndices = [3, 2, 1, 0, 0, 1, 5, 4, 1, 2, 6, 5, 2, 3, 7, 6, 3, 0, 4, 7, 4, 5, 6, 7]
            rel material:binding:physics = </ceramic_mug_001/physics_materials/surface>
            uniform token physics:approximation = "convexHull"
            bool physics:collisionEnabled = 1
            point3f[] points = [(0.033510838, 0.0044117854, 0.004), (0.03264829, 0.008748083, 0.004), (0.029267553, 0.007842217, 0.004), (0.03004078, 0.0039549437, 0.004), (0.039459504, 0.0051949425, 0.095), (0.03844385, 0.010300998, 0.095), (0.034966514, 0.009369249, 0.095), (0.035890304, 0.0047250483, 0.095)]
            uniform token purpose = "guide"
            uniform token subdivisionScheme = "none"
            token visibility = "invisible"
        }

        def Mesh "wall_02" (
            prepend apiSchemas = ["PhysicsCollisionAPI", "PhysicsMeshCollisionAPI", "MaterialBindingAPI"]
        )
        {
            float3[] extent = [(0.02799355, 0.007842217, 0.004), (0.03844385, 0.015230801, 0.095)]
            int[] faceVertexCounts = [4, 4, 4, 4, 4, 4]
            int[] faceVertexIndices = [3, 2, 1, 0, 0, 1, 5, 4, 1, 2, 6, 5, 2, 3, 7, 6, 3, 0, 4, 7, 4, 5, 6, 7]
            rel material:binding:physics = </ceramic_mug_001/physics_materials/surface>
            uniform token physics:approximation = "convexHull"
            bool physics:collisionEnabled = 1
            point3f[] points = [(0.03264829, 0.008748083, 0.004), (0.031227129, 0.0129347, 0.004), (0.02799355, 0.011595308, 0.004), (0.029267553, 0.007842217, 0.004), (0.03844385, 0.010300998, 0.095), (0.036770407, 0.015230801, 0.095), (0.033444438, 0.01385314, 0.095), (0.034966514, 0.009369249, 0.095)]
            uniform token purpose = "guide"
            uniform token subdivisionScheme = "none"
            token visibility = "invisible"
        }

        def Mesh "wall_03" (
            prepend apiSchemas = ["PhysicsCollisionAPI", "PhysicsMeshCollisionAPI", "MaterialBindingAPI"]
        )
        {
            float3[] extent = [(0.02624057, 0.011595308, 0.004), (0.036770407, 0.0199, 0.095)]
            int[] faceVertexCounts = [4, 4, 4, 4, 4, 4]
            int[] faceVertexIndices = [3, 2, 1, 0, 0, 1, 5, 4, 1, 2, 6, 5, 2, 3, 7, 6, 3, 0, 4, 7, 4, 5, 6, 7]
            rel material:binding:physics = </ceramic_mug_001/physics_materials/surface>
            uniform token physics:approximation = "convexHull"
            bool physics:collisionEnabled = 1
            point3f[] points = [(0.031227129, 0.0129347, 0.004), (0.029271659, 0.0169, 0.004), (0.02624057, 0.01515, 0.004), (0.02799355, 0.011595308, 0.004), (0.036770407, 0.015230801, 0.095), (0.034467813, 0.0199, 0.095), (0.03135012, 0.0181, 0.095), (0.033444438, 0.01385314, 0.095)]
            uniform token purpose = "guide"
            uniform token subdivisionScheme = "none"
            token visibility = "invisible"
        }

        def Mesh "wall_04" (
            prepend apiSchemas = ["PhysicsCollisionAPI", "PhysicsMeshCollisionAPI", "MaterialBindingAPI"]
        )
        {
            float3[] extent = [(0.024038605, 0.01515, 0.004), (0.034467813, 0.024228705, 0.095)]
            int[] faceVertexCounts = [4, 4, 4, 4, 4, 4]
            int[] faceVertexIndices = [3, 2, 1, 0, 0, 1, 5, 4, 1, 2, 6, 5, 2, 3, 7, 6, 3, 0, 4, 7, 4, 5, 6, 7]
            rel material:binding:physics = </ceramic_mug_001/physics_materials/surface>
            uniform token physics:approximation = "convexHull"
            bool physics:collisionEnabled = 1
            point3f[] points = [(0.029271659, 0.0169, 0.004), (0.026815344, 0.020576136, 0.004), (0.024038605, 0.018445471, 0.004), (0.02624057, 0.01515, 0.004), (0.034467813, 0.0199, 0.095), (0.031575464, 0.024228705, 0.095), (0.028719392, 0.022037163, 0.095), (0.03135012, 0.0181, 0.095)]
            uniform token purpose = "guide"
            uniform token subdivisionScheme = "none"
            token visibility = "invisible"
        }

        def Mesh "wall_05" (
            prepend apiSchemas = ["PhysicsCollisionAPI", "PhysicsMeshCollisionAPI", "MaterialBindingAPI"]
        )
        {
            float3[] extent = [(0.021425335, 0.018445471, 0.004), (0.031575464, 0.028142849, 0.095)]
            int[] faceVertexCounts = [4, 4, 4, 4, 4, 4]
            int[] faceVertexIndices = [3, 2, 1, 0, 0, 1, 5, 4, 1, 2, 6, 5, 2, 3, 7, 6, 3, 0, 4, 7, 4, 5, 6, 7]
            rel material:binding:physics = </ceramic_mug_001/physics_materials/surface>
            uniform token physics:approximation = "convexHull"
            bool physics:collisionEnabled = 1
            point3f[] points = [(0.026815344, 0.020576136, 0.004), (0.023900209, 0.023900209, 0.004), (0.021425335, 0.021425335, 0.004), (0.024038605, 0.018445471, 0.004), (0.031575464, 0.024228705, 0.095), (0.028142849, 0.028142849, 0.095), (0.025597265, 0.025597265, 0.095), (0.028719392, 0.022037163, 0.095)]
            uniform token purpose = "guide"
            uniform token subdivisionScheme = "none"
            token visibility = "invisible"
        }

        def Mesh "wall_06" (
            prepend apiSchemas = ["PhysicsCollisionAPI", "PhysicsMeshCollisionAPI", "MaterialBindingAPI"]
        )
        {
            float3[] extent = [(0.018445471, 0.021425335, 0.004), (0.028142849, 0.031575464, 0.095)]
            int[] faceVertexCounts = [4, 4, 4, 4, 4, 4]
            int[] faceVertexIndices = [3, 2, 1, 0, 0, 1, 5, 4, 1, 2, 6, 5, 2, 3, 7, 6, 3, 0, 4, 7, 4, 5, 6, 7]
            rel material:binding:physics = </ceramic_mug_001/physics_materials/surface>
            uniform token physics:approximation = "convexHull"
            bool physics:collisionEnabled = 1
            point3f[] points = [(0.023900209, 0.023900209, 0.004), (0.020576136, 0.026815344, 0.004), (0.018445471, 0.024038605, 0.004), (0.021425335, 0.021425335, 0.004), (0.028142849, 0.028142849, 0.095), (0.024228705, 0.031575464, 0.095), (0.022037163, 0.028719392, 0.095), (0.025597265, 0.025597265, 0.095)]
            uniform token purpose = "guide"
            uniform token subdivisionScheme = "none"
            token visibility = "invisible"
        }

        def Mesh "wall_07" (
            prepend apiSchemas = ["PhysicsCollisionAPI", "PhysicsMeshCollisionAPI", "MaterialBindingAPI"]
        )
        {
            float3[] extent = [(0.01515, 0.024038605, 0.004), (0.024228705, 0.034467813, 0.095)]
            int[] faceVertexCounts = [4, 4, 4, 4, 4, 4]
            int[] faceVertexIndices = [3, 2, 1, 0, 0, 1, 5, 4, 1, 2, 6, 5, 2, 3, 7, 6, 3, 0, 4, 7, 4, 5, 6, 7]
            rel material:binding:physics = </ceramic_mug_001/physics_materials/surface>
            uniform token physics:approximation = "convexHull"
            bool physics:collisionEnabled = 1
            point3f[] points = [(0.020576136, 0.026815344, 0.004), (0.0169, 0.029271659, 0.004), (0.01515, 0.02624057, 0.004), (0.018445471, 0.024038605, 0.004), (0.024228705, 0.031575464, 0.095), (0.0199, 0.034467813, 0.095), (0.0181, 0.03135012, 0.095), (0.022037163, 0.028719392, 0.095)]
            uniform token purpose = "guide"
            uniform token subdivisionScheme = "none"
            token visibility = "invisible"
        }

        def Mesh "wall_08" (
            prepend apiSchemas = ["PhysicsCollisionAPI", "PhysicsMeshCollisionAPI", "MaterialBindingAPI"]
        )
        {
            float3[] extent = [(0.011595308, 0.02624057, 0.004), (0.0199, 0.036770407, 0.095)]
            int[] faceVertexCounts = [4, 4, 4, 4, 4, 4]
            int[] faceVertexIndices = [3, 2, 1, 0, 0, 1, 5, 4, 1, 2, 6, 5, 2, 3, 7, 6, 3, 0, 4, 7, 4, 5, 6, 7]
            rel material:binding:physics = </ceramic_mug_001/physics_materials/surface>
            uniform token physics:approximation = "convexHull"
            bool physics:collisionEnabled = 1
            point3f[] points = [(0.0169, 0.029271659, 0.004), (0.0129347, 0.031227129, 0.004), (0.011595308, 0.02799355, 0.004), (0.01515, 0.02624057, 0.004), (0.0199, 0.034467813, 0.095), (0.015230801, 0.036770407, 0.095), (0.01385314, 0.033444438, 0.095), (0.0181, 0.03135012, 0.095)]
            uniform token purpose = "guide"
            uniform token subdivisionScheme = "none"
            token visibility = "invisible"
        }

        def Mesh "wall_09" (
            prepend apiSchemas = ["PhysicsCollisionAPI", "PhysicsMeshCollisionAPI", "MaterialBindingAPI"]
        )
        {
            float3[] extent = [(0.007842217, 0.02799355, 0.004), (0.015230801, 0.03844385, 0.095)]
            int[] faceVertexCounts = [4, 4, 4, 4, 4, 4]
            int[] faceVertexIndices = [3, 2, 1, 0, 0, 1, 5, 4, 1, 2, 6, 5, 2, 3, 7, 6, 3, 0, 4, 7, 4, 5, 6, 7]
            rel material:binding:physics = </ceramic_mug_001/physics_materials/surface>
            uniform token physics:approximation = "convexHull"
            bool physics:collisionEnabled = 1
            point3f[] points = [(0.0129347, 0.031227129, 0.004), (0.008748083, 0.03264829, 0.004), (0.007842217, 0.029267553, 0.004), (0.011595308, 0.02799355, 0.004), (0.015230801, 0.036770407, 0.095), (0.010300998, 0.03844385, 0.095), (0.009369249, 0.034966514, 0.095), (0.01385314, 0.033444438, 0.095)]
            uniform token purpose = "guide"
            uniform token subdivisionScheme = "none"
            token visibility = "invisible"
        }

        def Mesh "wall_10" (
            prepend apiSchemas = ["PhysicsCollisionAPI", "PhysicsMeshCollisionAPI", "MaterialBindingAPI"]
        )
        {
            float3[] extent = [(0.0039549437, 0.029267553, 0.004), (0.010300998, 0.039459504, 0.095)]
            int[] faceVertexCounts = [4, 4, 4, 4, 4, 4]
            int[] faceVertexIndices = [3, 2, 1, 0, 0, 1, 5, 4, 1, 2, 6, 5, 2, 3, 7, 6, 3, 0, 4, 7, 4, 5, 6, 7]
            rel material:binding:physics = </ceramic_mug_001/physics_materials/surface>
            uniform token physics:approximation = "convexHull"
            bool physics:collisionEnabled = 1
            point3f[] points = [(0.008748083, 0.03264829, 0.004), (0.0044117854, 0.033510838, 0.004), (0.0039549437, 0.03004078, 0.004), (0.007842217, 0.029267553, 0.004), (0.010300998, 0.03844385, 0.095), (0.0051949425, 0.039459504, 0.095), (0.0047250483, 0.035890304, 0.095), (0.009369249, 0.034966514, 0.095)]
            uniform token purpose = "guide"
            uniform token subdivisionScheme = "none"
            token visibility = "invisible"
        }

        def Mesh "wall_11" (
            prepend apiSchemas = ["PhysicsCollisionAPI", "PhysicsMeshCollisionAPI", "MaterialBindingAPI"]
        )
        {
            float3[] extent = [(1.8553399e-18, 0.03004078, 0.004), (0.0051949425, 0.0398, 0.095)]
            int[] faceVertexCounts = [4, 4, 4, 4, 4, 4]
            int[] faceVertexIndices = [3, 2, 1, 0, 0, 1, 5, 4, 1, 2, 6, 5, 2, 3, 7, 6, 3, 0, 4, 7, 4, 5, 6, 7]
            rel material:binding:physics = </ceramic_mug_001/physics_materials/surface>
            uniform token physics:approximation = "convexHull"
            bool physics:collisionEnabled = 1
            point3f[] points = [(0.0044117854, 0.033510838, 0.004), (2.069653e-18, 0.0338, 0.004), (1.8553399e-18, 0.0303, 0.004), (0.0039549437, 0.03004078, 0.004), (0.0051949425, 0.039459504, 0.095), (2.4370472e-18, 0.0398, 0.095), (2.2166108e-18, 0.0362, 0.095), (0.0047250483, 0.035890304, 0.095)]
            uniform token purpose = "guide"
            uniform token subdivisionScheme = "none"
            token visibility = "invisible"
        }

        def Mesh "wall_12" (
            prepend apiSchemas = ["PhysicsCollisionAPI", "PhysicsMeshCollisionAPI", "MaterialBindingAPI"]
        )
        {
            float3[] extent = [(-0.0051949425, 0.03004078, 0.004), (2.4370472e-18, 0.0398, 0.095)]
            int[] faceVertexCounts = [4, 4, 4, 4, 4, 4]
            int[] faceVertexIndices = [3, 2, 1, 0, 0, 1, 5, 4, 1, 2, 6, 5, 2, 3, 7, 6, 3, 0, 4, 7, 4, 5, 6, 7]
            rel material:binding:physics = </ceramic_mug_001/physics_materials/surface>
            uniform token physics:approximation = "convexHull"
            bool physics:collisionEnabled = 1
            point3f[] points = [(2.069653e-18, 0.0338, 0.004), (-0.0044117854, 0.033510838, 0.004), (-0.0039549437, 0.03004078, 0.004), (1.8553399e-18, 0.0303, 0.004), (2.4370472e-18, 0.0398, 0.095), (-0.0051949425, 0.039459504, 0.095), (-0.0047250483, 0.035890304, 0.095), (2.2166108e-18, 0.0362, 0.095)]
            uniform token purpose = "guide"
            uniform token subdivisionScheme = "none"
            token visibility = "invisible"
        }

        def Mesh "wall_13" (
            prepend apiSchemas = ["PhysicsCollisionAPI", "PhysicsMeshCollisionAPI", "MaterialBindingAPI"]
        )
        {
            float3[] extent = [(-0.010300998, 0.029267553, 0.004), (-0.0039549437, 0.039459504, 0.095)]
            int[] faceVertexCounts = [4, 4, 4, 4, 4, 4]
            int[] faceVertexIndices = [3, 2, 1, 0, 0, 1, 5, 4, 1, 2, 6, 5, 2, 3, 7, 6, 3, 0, 4, 7, 4, 5, 6, 7]
            rel material:binding:physics = </ceramic_mug_001/physics_materials/surface>
            uniform token physics:approximation = "convexHull"
            bool physics:collisionEnabled = 1
            point3f[] points = [(-0.0044117854, 0.033510838, 0.004), (-0.008748083, 0.03264829, 0.004), (-0.007842217, 0.029267553, 0.004), (-0.0039549437, 0.03004078, 0.004), (-0.0051949425, 0.039459504, 0.095), (-0.010300998, 0.03844385, 0.095), (-0.009369249, 0.034966514, 0.095), (-0.0047250483, 0.035890304, 0.095)]
            uniform token purpose = "guide"
            uniform token subdivisionScheme = "none"
            token visibility = "invisible"
        }

        def Mesh "wall_14" (
            prepend apiSchemas = ["PhysicsCollisionAPI", "PhysicsMeshCollisionAPI", "MaterialBindingAPI"]
        )
        {
            float3[] extent = [(-0.015230801, 0.02799355, 0.004), (-0.007842217, 0.03844385, 0.095)]
            int[] faceVertexCounts = [4, 4, 4, 4, 4, 4]
            int[] faceVertexIndices = [3, 2, 1, 0, 0, 1, 5, 4, 1, 2, 6, 5, 2, 3, 7, 6, 3, 0, 4, 7, 4, 5, 6, 7]
            rel material:binding:physics = </ceramic_mug_001/physics_materials/surface>
            uniform token physics:approximation = "convexHull"
            bool physics:collisionEnabled = 1
            point3f[] points = [(-0.008748083, 0.03264829, 0.004), (-0.0129347, 0.031227129, 0.004), (-0.011595308, 0.02799355, 0.004), (-0.007842217, 0.029267553, 0.004), (-0.010300998, 0.03844385, 0.095), (-0.015230801, 0.036770407, 0.095), (-0.01385314, 0.033444438, 0.095), (-0.009369249, 0.034966514, 0.095)]
            uniform token purpose = "guide"
            uniform token subdivisionScheme = "none"
            token visibility = "invisible"
        }

        def Mesh "wall_15" (
            prepend apiSchemas = ["PhysicsCollisionAPI", "PhysicsMeshCollisionAPI", "MaterialBindingAPI"]
        )
        {
            float3[] extent = [(-0.0199, 0.02624057, 0.004), (-0.011595308, 0.036770407, 0.095)]
            int[] faceVertexCounts = [4, 4, 4, 4, 4, 4]
            int[] faceVertexIndices = [3, 2, 1, 0, 0, 1, 5, 4, 1, 2, 6, 5, 2, 3, 7, 6, 3, 0, 4, 7, 4, 5, 6, 7]
            rel material:binding:physics = </ceramic_mug_001/physics_materials/surface>
            uniform token physics:approximation = "convexHull"
            bool physics:collisionEnabled = 1
            point3f[] points = [(-0.0129347, 0.031227129, 0.004), (-0.0169, 0.029271659, 0.004), (-0.01515, 0.02624057, 0.004), (-0.011595308, 0.02799355, 0.004), (-0.015230801, 0.036770407, 0.095), (-0.0199, 0.034467813, 0.095), (-0.0181, 0.03135012, 0.095), (-0.01385314, 0.033444438, 0.095)]
            uniform token purpose = "guide"
            uniform token subdivisionScheme = "none"
            token visibility = "invisible"
        }

        def Mesh "wall_16" (
            prepend apiSchemas = ["PhysicsCollisionAPI", "PhysicsMeshCollisionAPI", "MaterialBindingAPI"]
        )
        {
            float3[] extent = [(-0.024228705, 0.024038605, 0.004), (-0.01515, 0.034467813, 0.095)]
            int[] faceVertexCounts = [4, 4, 4, 4, 4, 4]
            int[] faceVertexIndices = [3, 2, 1, 0, 0, 1, 5, 4, 1, 2, 6, 5, 2, 3, 7, 6, 3, 0, 4, 7, 4, 5, 6, 7]
            rel material:binding:physics = </ceramic_mug_001/physics_materials/surface>
            uniform token physics:approximation = "convexHull"
            bool physics:collisionEnabled = 1
            point3f[] points = [(-0.0169, 0.029271659, 0.004), (-0.020576136, 0.026815344, 0.004), (-0.018445471, 0.024038605, 0.004), (-0.01515, 0.02624057, 0.004), (-0.0199, 0.034467813, 0.095), (-0.024228705, 0.031575464, 0.095), (-0.022037163, 0.028719392, 0.095), (-0.0181, 0.03135012, 0.095)]
            uniform token purpose = "guide"
            uniform token subdivisionScheme = "none"
            token visibility = "invisible"
        }

        def Mesh "wall_17" (
            prepend apiSchemas = ["PhysicsCollisionAPI", "PhysicsMeshCollisionAPI", "MaterialBindingAPI"]
        )
        {
            float3[] extent = [(-0.028142849, 0.021425335, 0.004), (-0.018445471, 0.031575464, 0.095)]
            int[] faceVertexCounts = [4, 4, 4, 4, 4, 4]
            int[] faceVertexIndices = [3, 2, 1, 0, 0, 1, 5, 4, 1, 2, 6, 5, 2, 3, 7, 6, 3, 0, 4, 7, 4, 5, 6, 7]
            rel material:binding:physics = </ceramic_mug_001/physics_materials/surface>
            uniform token physics:approximation = "convexHull"
            bool physics:collisionEnabled = 1
            point3f[] points = [(-0.020576136, 0.026815344, 0.004), (-0.023900209, 0.023900209, 0.004), (-0.021425335, 0.021425335, 0.004), (-0.018445471, 0.024038605, 0.004), (-0.024228705, 0.031575464, 0.095), (-0.028142849, 0.028142849, 0.095), (-0.025597265, 0.025597265, 0.095), (-0.022037163, 0.028719392, 0.095)]
            uniform token purpose = "guide"
            uniform token subdivisionScheme = "none"
            token visibility = "invisible"
        }

        def Mesh "wall_18" (
            prepend apiSchemas = ["PhysicsCollisionAPI", "PhysicsMeshCollisionAPI", "MaterialBindingAPI"]
        )
        {
            float3[] extent = [(-0.031575464, 0.018445471, 0.004), (-0.021425335, 0.028142849, 0.095)]
            int[] faceVertexCounts = [4, 4, 4, 4, 4, 4]
            int[] faceVertexIndices = [3, 2, 1, 0, 0, 1, 5, 4, 1, 2, 6, 5, 2, 3, 7, 6, 3, 0, 4, 7, 4, 5, 6, 7]
            rel material:binding:physics = </ceramic_mug_001/physics_materials/surface>
            uniform token physics:approximation = "convexHull"
            bool physics:collisionEnabled = 1
            point3f[] points = [(-0.023900209, 0.023900209, 0.004), (-0.026815344, 0.020576136, 0.004), (-0.024038605, 0.018445471, 0.004), (-0.021425335, 0.021425335, 0.004), (-0.028142849, 0.028142849, 0.095), (-0.031575464, 0.024228705, 0.095), (-0.028719392, 0.022037163, 0.095), (-0.025597265, 0.025597265, 0.095)]
            uniform token purpose = "guide"
            uniform token subdivisionScheme = "none"
            token visibility = "invisible"
        }

        def Mesh "wall_19" (
            prepend apiSchemas = ["PhysicsCollisionAPI", "PhysicsMeshCollisionAPI", "MaterialBindingAPI"]
        )
        {
            float3[] extent = [(-0.034467813, 0.01515, 0.004), (-0.024038605, 0.024228705, 0.095)]
            int[] faceVertexCounts = [4, 4, 4, 4, 4, 4]
            int[] faceVertexIndices = [3, 2, 1, 0, 0, 1, 5, 4, 1, 2, 6, 5, 2, 3, 7, 6, 3, 0, 4, 7, 4, 5, 6, 7]
            rel material:binding:physics = </ceramic_mug_001/physics_materials/surface>
            uniform token physics:approximation = "convexHull"
            bool physics:collisionEnabled = 1
            point3f[] points = [(-0.026815344, 0.020576136, 0.004), (-0.029271659, 0.0169, 0.004), (-0.02624057, 0.01515, 0.004), (-0.024038605, 0.018445471, 0.004), (-0.031575464, 0.024228705, 0.095), (-0.034467813, 0.0199, 0.095), (-0.03135012, 0.0181, 0.095), (-0.028719392, 0.022037163, 0.095)]
            uniform token purpose = "guide"
            uniform token subdivisionScheme = "none"
            token visibility = "invisible"
        }

        def Mesh "wall_20" (
            prepend apiSchemas = ["PhysicsCollisionAPI", "PhysicsMeshCollisionAPI", "MaterialBindingAPI"]
        )
        {
            float3[] extent = [(-0.036770407, 0.011595308, 0.004), (-0.02624057, 0.0199, 0.095)]
            int[] faceVertexCounts = [4, 4, 4, 4, 4, 4]
            int[] faceVertexIndices = [3, 2, 1, 0, 0, 1, 5, 4, 1, 2, 6, 5, 2, 3, 7, 6, 3, 0, 4, 7, 4, 5, 6, 7]
            rel material:binding:physics = </ceramic_mug_001/physics_materials/surface>
            uniform token physics:approximation = "convexHull"
            bool physics:collisionEnabled = 1
            point3f[] points = [(-0.029271659, 0.0169, 0.004), (-0.031227129, 0.0129347, 0.004), (-0.02799355, 0.011595308, 0.004), (-0.02624057, 0.01515, 0.004), (-0.034467813, 0.0199, 0.095), (-0.036770407, 0.015230801, 0.095), (-0.033444438, 0.01385314, 0.095), (-0.03135012, 0.0181, 0.095)]
            uniform token purpose = "guide"
            uniform token subdivisionScheme = "none"
            token visibility = "invisible"
        }

        def Mesh "wall_21" (
            prepend apiSchemas = ["PhysicsCollisionAPI", "PhysicsMeshCollisionAPI", "MaterialBindingAPI"]
        )
        {
            float3[] extent = [(-0.03844385, 0.007842217, 0.004), (-0.02799355, 0.015230801, 0.095)]
            int[] faceVertexCounts = [4, 4, 4, 4, 4, 4]
            int[] faceVertexIndices = [3, 2, 1, 0, 0, 1, 5, 4, 1, 2, 6, 5, 2, 3, 7, 6, 3, 0, 4, 7, 4, 5, 6, 7]
            rel material:binding:physics = </ceramic_mug_001/physics_materials/surface>
            uniform token physics:approximation = "convexHull"
            bool physics:collisionEnabled = 1
            point3f[] points = [(-0.031227129, 0.0129347, 0.004), (-0.03264829, 0.008748083, 0.004), (-0.029267553, 0.007842217, 0.004), (-0.02799355, 0.011595308, 0.004), (-0.036770407, 0.015230801, 0.095), (-0.03844385, 0.010300998, 0.095), (-0.034966514, 0.009369249, 0.095), (-0.033444438, 0.01385314, 0.095)]
            uniform token purpose = "guide"
            uniform token subdivisionScheme = "none"
            token visibility = "invisible"
        }

        def Mesh "wall_22" (
            prepend apiSchemas = ["PhysicsCollisionAPI", "PhysicsMeshCollisionAPI", "MaterialBindingAPI"]
        )
        {
            float3[] extent = [(-0.039459504, 0.0039549437, 0.004), (-0.029267553, 0.010300998, 0.095)]
            int[] faceVertexCounts = [4, 4, 4, 4, 4, 4]
            int[] faceVertexIndices = [3, 2, 1, 0, 0, 1, 5, 4, 1, 2, 6, 5, 2, 3, 7, 6, 3, 0, 4, 7, 4, 5, 6, 7]
            rel material:binding:physics = </ceramic_mug_001/physics_materials/surface>
            uniform token physics:approximation = "convexHull"
            bool physics:collisionEnabled = 1
            point3f[] points = [(-0.03264829, 0.008748083, 0.004), (-0.033510838, 0.0044117854, 0.004), (-0.03004078, 0.0039549437, 0.004), (-0.029267553, 0.007842217, 0.004), (-0.03844385, 0.010300998, 0.095), (-0.039459504, 0.0051949425, 0.095), (-0.035890304, 0.0047250483, 0.095), (-0.034966514, 0.009369249, 0.095)]
            uniform token purpose = "guide"
            uniform token subdivisionScheme = "none"
            token visibility = "invisible"
        }

        def Mesh "wall_23" (
            prepend apiSchemas = ["PhysicsCollisionAPI", "PhysicsMeshCollisionAPI", "MaterialBindingAPI"]
        )
        {
            float3[] extent = [(-0.0398, 3.7106797e-18, 0.004), (-0.03004078, 0.0051949425, 0.095)]
            int[] faceVertexCounts = [4, 4, 4, 4, 4, 4]
            int[] faceVertexIndices = [3, 2, 1, 0, 0, 1, 5, 4, 1, 2, 6, 5, 2, 3, 7, 6, 3, 0, 4, 7, 4, 5, 6, 7]
            rel material:binding:physics = </ceramic_mug_001/physics_materials/surface>
            uniform token physics:approximation = "convexHull"
            bool physics:collisionEnabled = 1
            point3f[] points = [(-0.033510838, 0.0044117854, 0.004), (-0.0338, 4.139306e-18, 0.004), (-0.0303, 3.7106797e-18, 0.004), (-0.03004078, 0.0039549437, 0.004), (-0.039459504, 0.0051949425, 0.095), (-0.0398, 4.8740943e-18, 0.095), (-0.0362, 4.4332216e-18, 0.095), (-0.035890304, 0.0047250483, 0.095)]
            uniform token purpose = "guide"
            uniform token subdivisionScheme = "none"
            token visibility = "invisible"
        }

        def Mesh "wall_24" (
            prepend apiSchemas = ["PhysicsCollisionAPI", "PhysicsMeshCollisionAPI", "MaterialBindingAPI"]
        )
        {
            float3[] extent = [(-0.0398, -0.0051949425, 0.004), (-0.03004078, 4.8740943e-18, 0.095)]
            int[] faceVertexCounts = [4, 4, 4, 4, 4, 4]
            int[] faceVertexIndices = [3, 2, 1, 0, 0, 1, 5, 4, 1, 2, 6, 5, 2, 3, 7, 6, 3, 0, 4, 7, 4, 5, 6, 7]
            rel material:binding:physics = </ceramic_mug_001/physics_materials/surface>
            uniform token physics:approximation = "convexHull"
            bool physics:collisionEnabled = 1
            point3f[] points = [(-0.0338, 4.139306e-18, 0.004), (-0.033510838, -0.0044117854, 0.004), (-0.03004078, -0.0039549437, 0.004), (-0.0303, 3.7106797e-18, 0.004), (-0.0398, 4.8740943e-18, 0.095), (-0.039459504, -0.0051949425, 0.095), (-0.035890304, -0.0047250483, 0.095), (-0.0362, 4.4332216e-18, 0.095)]
            uniform token purpose = "guide"
            uniform token subdivisionScheme = "none"
            token visibility = "invisible"
        }

        def Mesh "wall_25" (
            prepend apiSchemas = ["PhysicsCollisionAPI", "PhysicsMeshCollisionAPI", "MaterialBindingAPI"]
        )
        {
            float3[] extent = [(-0.039459504, -0.010300998, 0.004), (-0.029267553, -0.0039549437, 0.095)]
            int[] faceVertexCounts = [4, 4, 4, 4, 4, 4]
            int[] faceVertexIndices = [3, 2, 1, 0, 0, 1, 5, 4, 1, 2, 6, 5, 2, 3, 7, 6, 3, 0, 4, 7, 4, 5, 6, 7]
            rel material:binding:physics = </ceramic_mug_001/physics_materials/surface>
            uniform token physics:approximation = "convexHull"
            bool physics:collisionEnabled = 1
            point3f[] points = [(-0.033510838, -0.0044117854, 0.004), (-0.03264829, -0.008748083, 0.004), (-0.029267553, -0.007842217, 0.004), (-0.03004078, -0.0039549437, 0.004), (-0.039459504, -0.0051949425, 0.095), (-0.03844385, -0.010300998, 0.095), (-0.034966514, -0.009369249, 0.095), (-0.035890304, -0.0047250483, 0.095)]
            uniform token purpose = "guide"
            uniform token subdivisionScheme = "none"
            token visibility = "invisible"
        }

        def Mesh "wall_26" (
            prepend apiSchemas = ["PhysicsCollisionAPI", "PhysicsMeshCollisionAPI", "MaterialBindingAPI"]
        )
        {
            float3[] extent = [(-0.03844385, -0.015230801, 0.004), (-0.02799355, -0.007842217, 0.095)]
            int[] faceVertexCounts = [4, 4, 4, 4, 4, 4]
            int[] faceVertexIndices = [3, 2, 1, 0, 0, 1, 5, 4, 1, 2, 6, 5, 2, 3, 7, 6, 3, 0, 4, 7, 4, 5, 6, 7]
            rel material:binding:physics = </ceramic_mug_001/physics_materials/surface>
            uniform token physics:approximation = "convexHull"
            bool physics:collisionEnabled = 1
            point3f[] points = [(-0.03264829, -0.008748083, 0.004), (-0.031227129, -0.0129347, 0.004), (-0.02799355, -0.011595308, 0.004), (-0.029267553, -0.007842217, 0.004), (-0.03844385, -0.010300998, 0.095), (-0.036770407, -0.015230801, 0.095), (-0.033444438, -0.01385314, 0.095), (-0.034966514, -0.009369249, 0.095)]
            uniform token purpose = "guide"
            uniform token subdivisionScheme = "none"
            token visibility = "invisible"
        }

        def Mesh "wall_27" (
            prepend apiSchemas = ["PhysicsCollisionAPI", "PhysicsMeshCollisionAPI", "MaterialBindingAPI"]
        )
        {
            float3[] extent = [(-0.036770407, -0.0199, 0.004), (-0.02624057, -0.011595308, 0.095)]
            int[] faceVertexCounts = [4, 4, 4, 4, 4, 4]
            int[] faceVertexIndices = [3, 2, 1, 0, 0, 1, 5, 4, 1, 2, 6, 5, 2, 3, 7, 6, 3, 0, 4, 7, 4, 5, 6, 7]
            rel material:binding:physics = </ceramic_mug_001/physics_materials/surface>
            uniform token physics:approximation = "convexHull"
            bool physics:collisionEnabled = 1
            point3f[] points = [(-0.031227129, -0.0129347, 0.004), (-0.029271659, -0.0169, 0.004), (-0.02624057, -0.01515, 0.004), (-0.02799355, -0.011595308, 0.004), (-0.036770407, -0.015230801, 0.095), (-0.034467813, -0.0199, 0.095), (-0.03135012, -0.0181, 0.095), (-0.033444438, -0.01385314, 0.095)]
            uniform token purpose = "guide"
            uniform token subdivisionScheme = "none"
            token visibility = "invisible"
        }

        def Mesh "wall_28" (
            prepend apiSchemas = ["PhysicsCollisionAPI", "PhysicsMeshCollisionAPI", "MaterialBindingAPI"]
        )
        {
            float3[] extent = [(-0.034467813, -0.024228705, 0.004), (-0.024038605, -0.01515, 0.095)]
            int[] faceVertexCounts = [4, 4, 4, 4, 4, 4]
            int[] faceVertexIndices = [3, 2, 1, 0, 0, 1, 5, 4, 1, 2, 6, 5, 2, 3, 7, 6, 3, 0, 4, 7, 4, 5, 6, 7]
            rel material:binding:physics = </ceramic_mug_001/physics_materials/surface>
            uniform token physics:approximation = "convexHull"
            bool physics:collisionEnabled = 1
            point3f[] points = [(-0.029271659, -0.0169, 0.004), (-0.026815344, -0.020576136, 0.004), (-0.024038605, -0.018445471, 0.004), (-0.02624057, -0.01515, 0.004), (-0.034467813, -0.0199, 0.095), (-0.031575464, -0.024228705, 0.095), (-0.028719392, -0.022037163, 0.095), (-0.03135012, -0.0181, 0.095)]
            uniform token purpose = "guide"
            uniform token subdivisionScheme = "none"
            token visibility = "invisible"
        }

        def Mesh "wall_29" (
            prepend apiSchemas = ["PhysicsCollisionAPI", "PhysicsMeshCollisionAPI", "MaterialBindingAPI"]
        )
        {
            float3[] extent = [(-0.031575464, -0.028142849, 0.004), (-0.021425335, -0.018445471, 0.095)]
            int[] faceVertexCounts = [4, 4, 4, 4, 4, 4]
            int[] faceVertexIndices = [3, 2, 1, 0, 0, 1, 5, 4, 1, 2, 6, 5, 2, 3, 7, 6, 3, 0, 4, 7, 4, 5, 6, 7]
            rel material:binding:physics = </ceramic_mug_001/physics_materials/surface>
            uniform token physics:approximation = "convexHull"
            bool physics:collisionEnabled = 1
            point3f[] points = [(-0.026815344, -0.020576136, 0.004), (-0.023900209, -0.023900209, 0.004), (-0.021425335, -0.021425335, 0.004), (-0.024038605, -0.018445471, 0.004), (-0.031575464, -0.024228705, 0.095), (-0.028142849, -0.028142849, 0.095), (-0.025597265, -0.025597265, 0.095), (-0.028719392, -0.022037163, 0.095)]
            uniform token purpose = "guide"
            uniform token subdivisionScheme = "none"
            token visibility = "invisible"
        }

        def Mesh "wall_30" (
            prepend apiSchemas = ["PhysicsCollisionAPI", "PhysicsMeshCollisionAPI", "MaterialBindingAPI"]
        )
        {
            float3[] extent = [(-0.028142849, -0.031575464, 0.004), (-0.018445471, -0.021425335, 0.095)]
            int[] faceVertexCounts = [4, 4, 4, 4, 4, 4]
            int[] faceVertexIndices = [3, 2, 1, 0, 0, 1, 5, 4, 1, 2, 6, 5, 2, 3, 7, 6, 3, 0, 4, 7, 4, 5, 6, 7]
            rel material:binding:physics = </ceramic_mug_001/physics_materials/surface>
            uniform token physics:approximation = "convexHull"
            bool physics:collisionEnabled = 1
            point3f[] points = [(-0.023900209, -0.023900209, 0.004), (-0.020576136, -0.026815344, 0.004), (-0.018445471, -0.024038605, 0.004), (-0.021425335, -0.021425335, 0.004), (-0.028142849, -0.028142849, 0.095), (-0.024228705, -0.031575464, 0.095), (-0.022037163, -0.028719392, 0.095), (-0.025597265, -0.025597265, 0.095)]
            uniform token purpose = "guide"
            uniform token subdivisionScheme = "none"
            token visibility = "invisible"
        }

        def Mesh "wall_31" (
            prepend apiSchemas = ["PhysicsCollisionAPI", "PhysicsMeshCollisionAPI", "MaterialBindingAPI"]
        )
        {
            float3[] extent = [(-0.024228705, -0.034467813, 0.004), (-0.01515, -0.024038605, 0.095)]
            int[] faceVertexCounts = [4, 4, 4, 4, 4, 4]
            int[] faceVertexIndices = [3, 2, 1, 0, 0, 1, 5, 4, 1, 2, 6, 5, 2, 3, 7, 6, 3, 0, 4, 7, 4, 5, 6, 7]
            rel material:binding:physics = </ceramic_mug_001/physics_materials/surface>
            uniform token physics:approximation = "convexHull"
            bool physics:collisionEnabled = 1
            point3f[] points = [(-0.020576136, -0.026815344, 0.004), (-0.0169, -0.029271659, 0.004), (-0.01515, -0.02624057, 0.004), (-0.018445471, -0.024038605, 0.004), (-0.024228705, -0.031575464, 0.095), (-0.0199, -0.034467813, 0.095), (-0.0181, -0.03135012, 0.095), (-0.022037163, -0.028719392, 0.095)]
            uniform token purpose = "guide"
            uniform token subdivisionScheme = "none"
            token visibility = "invisible"
        }

        def Mesh "wall_32" (
            prepend apiSchemas = ["PhysicsCollisionAPI", "PhysicsMeshCollisionAPI", "MaterialBindingAPI"]
        )
        {
            float3[] extent = [(-0.0199, -0.036770407, 0.004), (-0.011595308, -0.02624057, 0.095)]
            int[] faceVertexCounts = [4, 4, 4, 4, 4, 4]
            int[] faceVertexIndices = [3, 2, 1, 0, 0, 1, 5, 4, 1, 2, 6, 5, 2, 3, 7, 6, 3, 0, 4, 7, 4, 5, 6, 7]
            rel material:binding:physics = </ceramic_mug_001/physics_materials/surface>
            uniform token physics:approximation = "convexHull"
            bool physics:collisionEnabled = 1
            point3f[] points = [(-0.0169, -0.029271659, 0.004), (-0.0129347, -0.031227129, 0.004), (-0.011595308, -0.02799355, 0.004), (-0.01515, -0.02624057, 0.004), (-0.0199, -0.034467813, 0.095), (-0.015230801, -0.036770407, 0.095), (-0.01385314, -0.033444438, 0.095), (-0.0181, -0.03135012, 0.095)]
            uniform token purpose = "guide"
            uniform token subdivisionScheme = "none"
            token visibility = "invisible"
        }

        def Mesh "wall_33" (
            prepend apiSchemas = ["PhysicsCollisionAPI", "PhysicsMeshCollisionAPI", "MaterialBindingAPI"]
        )
        {
            float3[] extent = [(-0.015230801, -0.03844385, 0.004), (-0.007842217, -0.02799355, 0.095)]
            int[] faceVertexCounts = [4, 4, 4, 4, 4, 4]
            int[] faceVertexIndices = [3, 2, 1, 0, 0, 1, 5, 4, 1, 2, 6, 5, 2, 3, 7, 6, 3, 0, 4, 7, 4, 5, 6, 7]
            rel material:binding:physics = </ceramic_mug_001/physics_materials/surface>
            uniform token physics:approximation = "convexHull"
            bool physics:collisionEnabled = 1
            point3f[] points = [(-0.0129347, -0.031227129, 0.004), (-0.008748083, -0.03264829, 0.004), (-0.007842217, -0.029267553, 0.004), (-0.011595308, -0.02799355, 0.004), (-0.015230801, -0.036770407, 0.095), (-0.010300998, -0.03844385, 0.095), (-0.009369249, -0.034966514, 0.095), (-0.01385314, -0.033444438, 0.095)]
            uniform token purpose = "guide"
            uniform token subdivisionScheme = "none"
            token visibility = "invisible"
        }

        def Mesh "wall_34" (
            prepend apiSchemas = ["PhysicsCollisionAPI", "PhysicsMeshCollisionAPI", "MaterialBindingAPI"]
        )
        {
            float3[] extent = [(-0.010300998, -0.039459504, 0.004), (-0.0039549437, -0.029267553, 0.095)]
            int[] faceVertexCounts = [4, 4, 4, 4, 4, 4]
            int[] faceVertexIndices = [3, 2, 1, 0, 0, 1, 5, 4, 1, 2, 6, 5, 2, 3, 7, 6, 3, 0, 4, 7, 4, 5, 6, 7]
            rel material:binding:physics = </ceramic_mug_001/physics_materials/surface>
            uniform token physics:approximation = "convexHull"
            bool physics:collisionEnabled = 1
            point3f[] points = [(-0.008748083, -0.03264829, 0.004), (-0.0044117854, -0.033510838, 0.004), (-0.0039549437, -0.03004078, 0.004), (-0.007842217, -0.029267553, 0.004), (-0.010300998, -0.03844385, 0.095), (-0.0051949425, -0.039459504, 0.095), (-0.0047250483, -0.035890304, 0.095), (-0.009369249, -0.034966514, 0.095)]
            uniform token purpose = "guide"
            uniform token subdivisionScheme = "none"
            token visibility = "invisible"
        }

        def Mesh "wall_35" (
            prepend apiSchemas = ["PhysicsCollisionAPI", "PhysicsMeshCollisionAPI", "MaterialBindingAPI"]
        )
        {
            float3[] extent = [(-0.0051949425, -0.0398, 0.004), (-5.5660198e-18, -0.03004078, 0.095)]
            int[] faceVertexCounts = [4, 4, 4, 4, 4, 4]
            int[] faceVertexIndices = [3, 2, 1, 0, 0, 1, 5, 4, 1, 2, 6, 5, 2, 3, 7, 6, 3, 0, 4, 7, 4, 5, 6, 7]
            rel material:binding:physics = </ceramic_mug_001/physics_materials/surface>
            uniform token physics:approximation = "convexHull"
            bool physics:collisionEnabled = 1
            point3f[] points = [(-0.0044117854, -0.033510838, 0.004), (-6.208959e-18, -0.0338, 0.004), (-5.5660198e-18, -0.0303, 0.004), (-0.0039549437, -0.03004078, 0.004), (-0.0051949425, -0.039459504, 0.095), (-7.311142e-18, -0.0398, 0.095), (-6.649832e-18, -0.0362, 0.095), (-0.0047250483, -0.035890304, 0.095)]
            uniform token purpose = "guide"
            uniform token subdivisionScheme = "none"
            token visibility = "invisible"
        }

        def Mesh "wall_36" (
            prepend apiSchemas = ["PhysicsCollisionAPI", "PhysicsMeshCollisionAPI", "MaterialBindingAPI"]
        )
        {
            float3[] extent = [(-7.311142e-18, -0.0398, 0.004), (0.0051949425, -0.03004078, 0.095)]
            int[] faceVertexCounts = [4, 4, 4, 4, 4, 4]
            int[] faceVertexIndices = [3, 2, 1, 0, 0, 1, 5, 4, 1, 2, 6, 5, 2, 3, 7, 6, 3, 0, 4, 7, 4, 5, 6, 7]
            rel material:binding:physics = </ceramic_mug_001/physics_materials/surface>
            uniform token physics:approximation = "convexHull"
            bool physics:collisionEnabled = 1
            point3f[] points = [(-6.208959e-18, -0.0338, 0.004), (0.0044117854, -0.033510838, 0.004), (0.0039549437, -0.03004078, 0.004), (-5.5660198e-18, -0.0303, 0.004), (-7.311142e-18, -0.0398, 0.095), (0.0051949425, -0.039459504, 0.095), (0.0047250483, -0.035890304, 0.095), (-6.649832e-18, -0.0362, 0.095)]
            uniform token purpose = "guide"
            uniform token subdivisionScheme = "none"
            token visibility = "invisible"
        }

        def Mesh "wall_37" (
            prepend apiSchemas = ["PhysicsCollisionAPI", "PhysicsMeshCollisionAPI", "MaterialBindingAPI"]
        )
        {
            float3[] extent = [(0.0039549437, -0.039459504, 0.004), (0.010300998, -0.029267553, 0.095)]
            int[] faceVertexCounts = [4, 4, 4, 4, 4, 4]
            int[] faceVertexIndices = [3, 2, 1, 0, 0, 1, 5, 4, 1, 2, 6, 5, 2, 3, 7, 6, 3, 0, 4, 7, 4, 5, 6, 7]
            rel material:binding:physics = </ceramic_mug_001/physics_materials/surface>
            uniform token physics:approximation = "convexHull"
            bool physics:collisionEnabled = 1
            point3f[] points = [(0.0044117854, -0.033510838, 0.004), (0.008748083, -0.03264829, 0.004), (0.007842217, -0.029267553, 0.004), (0.0039549437, -0.03004078, 0.004), (0.0051949425, -0.039459504, 0.095), (0.010300998, -0.03844385, 0.095), (0.009369249, -0.034966514, 0.095), (0.0047250483, -0.035890304, 0.095)]
            uniform token purpose = "guide"
            uniform token subdivisionScheme = "none"
            token visibility = "invisible"
        }

        def Mesh "wall_38" (
            prepend apiSchemas = ["PhysicsCollisionAPI", "PhysicsMeshCollisionAPI", "MaterialBindingAPI"]
        )
        {
            float3[] extent = [(0.007842217, -0.03844385, 0.004), (0.015230801, -0.02799355, 0.095)]
            int[] faceVertexCounts = [4, 4, 4, 4, 4, 4]
            int[] faceVertexIndices = [3, 2, 1, 0, 0, 1, 5, 4, 1, 2, 6, 5, 2, 3, 7, 6, 3, 0, 4, 7, 4, 5, 6, 7]
            rel material:binding:physics = </ceramic_mug_001/physics_materials/surface>
            uniform token physics:approximation = "convexHull"
            bool physics:collisionEnabled = 1
            point3f[] points = [(0.008748083, -0.03264829, 0.004), (0.0129347, -0.031227129, 0.004), (0.011595308, -0.02799355, 0.004), (0.007842217, -0.029267553, 0.004), (0.010300998, -0.03844385, 0.095), (0.015230801, -0.036770407, 0.095), (0.01385314, -0.033444438, 0.095), (0.009369249, -0.034966514, 0.095)]
            uniform token purpose = "guide"
            uniform token subdivisionScheme = "none"
            token visibility = "invisible"
        }

        def Mesh "wall_39" (
            prepend apiSchemas = ["PhysicsCollisionAPI", "PhysicsMeshCollisionAPI", "MaterialBindingAPI"]
        )
        {
            float3[] extent = [(0.011595308, -0.036770407, 0.004), (0.0199, -0.02624057, 0.095)]
            int[] faceVertexCounts = [4, 4, 4, 4, 4, 4]
            int[] faceVertexIndices = [3, 2, 1, 0, 0, 1, 5, 4, 1, 2, 6, 5, 2, 3, 7, 6, 3, 0, 4, 7, 4, 5, 6, 7]
            rel material:binding:physics = </ceramic_mug_001/physics_materials/surface>
            uniform token physics:approximation = "convexHull"
            bool physics:collisionEnabled = 1
            point3f[] points = [(0.0129347, -0.031227129, 0.004), (0.0169, -0.029271659, 0.004), (0.01515, -0.02624057, 0.004), (0.011595308, -0.02799355, 0.004), (0.015230801, -0.036770407, 0.095), (0.0199, -0.034467813, 0.095), (0.0181, -0.03135012, 0.095), (0.01385314, -0.033444438, 0.095)]
            uniform token purpose = "guide"
            uniform token subdivisionScheme = "none"
            token visibility = "invisible"
        }

        def Mesh "wall_40" (
            prepend apiSchemas = ["PhysicsCollisionAPI", "PhysicsMeshCollisionAPI", "MaterialBindingAPI"]
        )
        {
            float3[] extent = [(0.01515, -0.034467813, 0.004), (0.024228705, -0.024038605, 0.095)]
            int[] faceVertexCounts = [4, 4, 4, 4, 4, 4]
            int[] faceVertexIndices = [3, 2, 1, 0, 0, 1, 5, 4, 1, 2, 6, 5, 2, 3, 7, 6, 3, 0, 4, 7, 4, 5, 6, 7]
            rel material:binding:physics = </ceramic_mug_001/physics_materials/surface>
            uniform token physics:approximation = "convexHull"
            bool physics:collisionEnabled = 1
            point3f[] points = [(0.0169, -0.029271659, 0.004), (0.020576136, -0.026815344, 0.004), (0.018445471, -0.024038605, 0.004), (0.01515, -0.02624057, 0.004), (0.0199, -0.034467813, 0.095), (0.024228705, -0.031575464, 0.095), (0.022037163, -0.028719392, 0.095), (0.0181, -0.03135012, 0.095)]
            uniform token purpose = "guide"
            uniform token subdivisionScheme = "none"
            token visibility = "invisible"
        }

        def Mesh "wall_41" (
            prepend apiSchemas = ["PhysicsCollisionAPI", "PhysicsMeshCollisionAPI", "MaterialBindingAPI"]
        )
        {
            float3[] extent = [(0.018445471, -0.031575464, 0.004), (0.028142849, -0.021425335, 0.095)]
            int[] faceVertexCounts = [4, 4, 4, 4, 4, 4]
            int[] faceVertexIndices = [3, 2, 1, 0, 0, 1, 5, 4, 1, 2, 6, 5, 2, 3, 7, 6, 3, 0, 4, 7, 4, 5, 6, 7]
            rel material:binding:physics = </ceramic_mug_001/physics_materials/surface>
            uniform token physics:approximation = "convexHull"
            bool physics:collisionEnabled = 1
            point3f[] points = [(0.020576136, -0.026815344, 0.004), (0.023900209, -0.023900209, 0.004), (0.021425335, -0.021425335, 0.004), (0.018445471, -0.024038605, 0.004), (0.024228705, -0.031575464, 0.095), (0.028142849, -0.028142849, 0.095), (0.025597265, -0.025597265, 0.095), (0.022037163, -0.028719392, 0.095)]
            uniform token purpose = "guide"
            uniform token subdivisionScheme = "none"
            token visibility = "invisible"
        }

        def Mesh "wall_42" (
            prepend apiSchemas = ["PhysicsCollisionAPI", "PhysicsMeshCollisionAPI", "MaterialBindingAPI"]
        )
        {
            float3[] extent = [(0.021425335, -0.028142849, 0.004), (0.031575464, -0.018445471, 0.095)]
            int[] faceVertexCounts = [4, 4, 4, 4, 4, 4]
            int[] faceVertexIndices = [3, 2, 1, 0, 0, 1, 5, 4, 1, 2, 6, 5, 2, 3, 7, 6, 3, 0, 4, 7, 4, 5, 6, 7]
            rel material:binding:physics = </ceramic_mug_001/physics_materials/surface>
            uniform token physics:approximation = "convexHull"
            bool physics:collisionEnabled = 1
            point3f[] points = [(0.023900209, -0.023900209, 0.004), (0.026815344, -0.020576136, 0.004), (0.024038605, -0.018445471, 0.004), (0.021425335, -0.021425335, 0.004), (0.028142849, -0.028142849, 0.095), (0.031575464, -0.024228705, 0.095), (0.028719392, -0.022037163, 0.095), (0.025597265, -0.025597265, 0.095)]
            uniform token purpose = "guide"
            uniform token subdivisionScheme = "none"
            token visibility = "invisible"
        }

        def Mesh "wall_43" (
            prepend apiSchemas = ["PhysicsCollisionAPI", "PhysicsMeshCollisionAPI", "MaterialBindingAPI"]
        )
        {
            float3[] extent = [(0.024038605, -0.024228705, 0.004), (0.034467813, -0.01515, 0.095)]
            int[] faceVertexCounts = [4, 4, 4, 4, 4, 4]
            int[] faceVertexIndices = [3, 2, 1, 0, 0, 1, 5, 4, 1, 2, 6, 5, 2, 3, 7, 6, 3, 0, 4, 7, 4, 5, 6, 7]
            rel material:binding:physics = </ceramic_mug_001/physics_materials/surface>
            uniform token physics:approximation = "convexHull"
            bool physics:collisionEnabled = 1
            point3f[] points = [(0.026815344, -0.020576136, 0.004), (0.029271659, -0.0169, 0.004), (0.02624057, -0.01515, 0.004), (0.024038605, -0.018445471, 0.004), (0.031575464, -0.024228705, 0.095), (0.034467813, -0.0199, 0.095), (0.03135012, -0.0181, 0.095), (0.028719392, -0.022037163, 0.095)]
            uniform token purpose = "guide"
            uniform token subdivisionScheme = "none"
            token visibility = "invisible"
        }

        def Mesh "wall_44" (
            prepend apiSchemas = ["PhysicsCollisionAPI", "PhysicsMeshCollisionAPI", "MaterialBindingAPI"]
        )
        {
            float3[] extent = [(0.02624057, -0.0199, 0.004), (0.036770407, -0.011595308, 0.095)]
            int[] faceVertexCounts = [4, 4, 4, 4, 4, 4]
            int[] faceVertexIndices = [3, 2, 1, 0, 0, 1, 5, 4, 1, 2, 6, 5, 2, 3, 7, 6, 3, 0, 4, 7, 4, 5, 6, 7]
            rel material:binding:physics = </ceramic_mug_001/physics_materials/surface>
            uniform token physics:approximation = "convexHull"
            bool physics:collisionEnabled = 1
            point3f[] points = [(0.029271659, -0.0169, 0.004), (0.031227129, -0.0129347, 0.004), (0.02799355, -0.011595308, 0.004), (0.02624057, -0.01515, 0.004), (0.034467813, -0.0199, 0.095), (0.036770407, -0.015230801, 0.095), (0.033444438, -0.01385314, 0.095), (0.03135012, -0.0181, 0.095)]
            uniform token purpose = "guide"
            uniform token subdivisionScheme = "none"
            token visibility = "invisible"
        }

        def Mesh "wall_45" (
            prepend apiSchemas = ["PhysicsCollisionAPI", "PhysicsMeshCollisionAPI", "MaterialBindingAPI"]
        )
        {
            float3[] extent = [(0.02799355, -0.015230801, 0.004), (0.03844385, -0.007842217, 0.095)]
            int[] faceVertexCounts = [4, 4, 4, 4, 4, 4]
            int[] faceVertexIndices = [3, 2, 1, 0, 0, 1, 5, 4, 1, 2, 6, 5, 2, 3, 7, 6, 3, 0, 4, 7, 4, 5, 6, 7]
            rel material:binding:physics = </ceramic_mug_001/physics_materials/surface>
            uniform token physics:approximation = "convexHull"
            bool physics:collisionEnabled = 1
            point3f[] points = [(0.031227129, -0.0129347, 0.004), (0.03264829, -0.008748083, 0.004), (0.029267553, -0.007842217, 0.004), (0.02799355, -0.011595308, 0.004), (0.036770407, -0.015230801, 0.095), (0.03844385, -0.010300998, 0.095), (0.034966514, -0.009369249, 0.095), (0.033444438, -0.01385314, 0.095)]
            uniform token purpose = "guide"
            uniform token subdivisionScheme = "none"
            token visibility = "invisible"
        }

        def Mesh "wall_46" (
            prepend apiSchemas = ["PhysicsCollisionAPI", "PhysicsMeshCollisionAPI", "MaterialBindingAPI"]
        )
        {
            float3[] extent = [(0.029267553, -0.010300998, 0.004), (0.039459504, -0.0039549437, 0.095)]
            int[] faceVertexCounts = [4, 4, 4, 4, 4, 4]
            int[] faceVertexIndices = [3, 2, 1, 0, 0, 1, 5, 4, 1, 2, 6, 5, 2, 3, 7, 6, 3, 0, 4, 7, 4, 5, 6, 7]
            rel material:binding:physics = </ceramic_mug_001/physics_materials/surface>
            uniform token physics:approximation = "convexHull"
            bool physics:collisionEnabled = 1
            point3f[] points = [(0.03264829, -0.008748083, 0.004), (0.033510838, -0.0044117854, 0.004), (0.03004078, -0.0039549437, 0.004), (0.029267553, -0.007842217, 0.004), (0.03844385, -0.010300998, 0.095), (0.039459504, -0.0051949425, 0.095), (0.035890304, -0.0047250483, 0.095), (0.034966514, -0.009369249, 0.095)]
            uniform token purpose = "guide"
            uniform token subdivisionScheme = "none"
            token visibility = "invisible"
        }

        def Mesh "wall_47" (
            prepend apiSchemas = ["PhysicsCollisionAPI", "PhysicsMeshCollisionAPI", "MaterialBindingAPI"]
        )
        {
            float3[] extent = [(0.03004078, -0.0051949425, 0.004), (0.0398, -7.421359e-18, 0.095)]
            int[] faceVertexCounts = [4, 4, 4, 4, 4, 4]
            int[] faceVertexIndices = [3, 2, 1, 0, 0, 1, 5, 4, 1, 2, 6, 5, 2, 3, 7, 6, 3, 0, 4, 7, 4, 5, 6, 7]
            rel material:binding:physics = </ceramic_mug_001/physics_materials/surface>
            uniform token physics:approximation = "convexHull"
            bool physics:collisionEnabled = 1
            point3f[] points = [(0.033510838, -0.0044117854, 0.004), (0.0338, -8.278612e-18, 0.004), (0.0303, -7.421359e-18, 0.004), (0.03004078, -0.0039549437, 0.004), (0.039459504, -0.0051949425, 0.095), (0.0398, -9.748189e-18, 0.095), (0.0362, -8.866443e-18, 0.095), (0.035890304, -0.0047250483, 0.095)]
            uniform token purpose = "guide"
            uniform token subdivisionScheme = "none"
            token visibility = "invisible"
        }

        def Mesh "handle_00" (
            prepend apiSchemas = ["PhysicsCollisionAPI", "PhysicsMeshCollisionAPI", "MaterialBindingAPI"]
        )
        {
            float3[] extent = [(0.036742464, -0.0051, 0.016906507), (0.041825954, 0.0051, 0.027324483)]
            int[] faceVertexCounts = [12, 12, 4, 4, 4, 4, 4, 4, 4, 4, 4, 4, 4, 4]
            int[] faceVertexIndices = [11, 10, 9, 8, 7, 6, 5, 4, 3, 2, 1, 0, 12, 13, 14, 15, 16, 17, 18, 19, 20, 21, 22, 23, 0, 1, 13, 12, 1, 2, 14, 13, 2, 3, 15, 14, 3, 4, 16, 15, 4, 5, 17, 16, 5, 6, 18, 17, 6, 7, 19, 18, 7, 8, 20, 19, 8, 9, 21, 20, 9, 10, 22, 21, 10, 11, 23, 22, 11, 0, 12, 23]
            rel material:binding:physics = </ceramic_mug_001/physics_materials/surface>
            uniform token physics:approximation = "convexHull"
            bool physics:collisionEnabled = 1
            point3f[] points = [(0.036742464, 0, 0.027093492), (0.036776967, -0.00255, 0.026411094), (0.036871232, -0.00441673, 0.024546746), (0.037, -0.0051, 0.022), (0.03712877, -0.00441673, 0.019453254), (0.037223034, -0.00255, 0.017588906), (0.037257537, -6.2456986e-19, 0.016906507), (0.037223034, 0.00255, 0.017588906), (0.03712877, 0.00441673, 0.019453254), (0.037, 0.0051, 0.022), (0.036871232, 0.00441673, 0.024546746), (0.036776967, 0.00255, 0.026411094), (0.04131088, 0, 0.027324483), (0.041345384, -0.00255, 0.026642084), (0.04143965, -0.00441673, 0.024777735), (0.041568417, -0.0051, 0.022230988), (0.041697185, -0.00441673, 0.019684242), (0.04179145, -0.00255, 0.017819894), (0.041825954, -6.2456986e-19, 0.017137496), (0.04179145, 0.00255, 0.017819894), (0.041697185, 0.00441673, 0.019684242), (0.041568417, 0.0051, 0.022230988), (0.04143965, 0.00441673, 0.024777735), (0.041345384, 0.00255, 0.026642084)]
            uniform token purpose = "guide"
            uniform token subdivisionScheme = "none"
            token visibility = "invisible"
        }

        def Mesh "handle_01" (
            prepend apiSchemas = ["PhysicsCollisionAPI", "PhysicsMeshCollisionAPI", "MaterialBindingAPI"]
        )
        {
            float3[] extent = [(0.040794894, -0.0051, 0.01718999), (0.046832193, 0.0051, 0.027961)]
            int[] faceVertexCounts = [12, 12, 4, 4, 4, 4, 4, 4, 4, 4, 4, 4, 4, 4]
            int[] faceVertexIndices = [11, 10, 9, 8, 7, 6, 5, 4, 3, 2, 1, 0, 12, 13, 14, 15, 16, 17, 18, 19, 20, 21, 22, 23, 0, 1, 13, 12, 1, 2, 14, 13, 2, 3, 15, 14, 3, 4, 16, 15, 4, 5, 17, 16, 5, 6, 18, 17, 6, 7, 19, 18, 7, 8, 20, 19, 8, 9, 21, 20, 9, 10, 22, 21, 10, 11, 23, 22, 11, 0, 12, 23]
            rel material:binding:physics = </ceramic_mug_001/physics_materials/surface>
            uniform token physics:approximation = "convexHull"
            bool physics:collisionEnabled = 1
            point3f[] points = [(0.040794894, 0, 0.027271986), (0.040898524, -0.00255, 0.02659662), (0.041181654, -0.00441673, 0.024751488), (0.041568417, -0.0051, 0.022230988), (0.04195518, -0.00441673, 0.01971049), (0.04223831, -0.00255, 0.017865356), (0.04234194, -6.2456986e-19, 0.01718999), (0.04223831, 0.00255, 0.017865356), (0.04195518, 0.00441673, 0.01971049), (0.041568417, 0.0051, 0.022230988), (0.041181654, 0.00441673, 0.024751488), (0.040898524, 0.00255, 0.02659662), (0.045285143, 0, 0.027961), (0.045388773, -0.00255, 0.027285635), (0.045671903, -0.00441673, 0.025440501), (0.046058666, -0.0051, 0.022920003), (0.04644543, -0.00441673, 0.020399503), (0.04672856, -0.00255, 0.01855437), (0.046832193, -6.2456986e-19, 0.017879006), (0.04672856, 0.00255, 0.01855437), (0.04644543, 0.00441673, 0.020399503), (0.046058666, 0.0051, 0.022920003), (0.045671903, 0.00441673, 0.025440501), (0.045388773, 0.00255, 0.027285635)]
            uniform token purpose = "guide"
            uniform token subdivisionScheme = "none"
            token visibility = "invisible"
        }

        def Mesh "handle_02" (
            prepend apiSchemas = ["PhysicsCollisionAPI", "PhysicsMeshCollisionAPI", "MaterialBindingAPI"]
        )
        {
            float3[] extent = [(0.04476672, -0.0051, 0.017986355), (0.05168587, 0.0051, 0.0289889)]
            int[] faceVertexCounts = [12, 12, 4, 4, 4, 4, 4, 4, 4, 4, 4, 4, 4, 4]
            int[] faceVertexIndices = [11, 10, 9, 8, 7, 6, 5, 4, 3, 2, 1, 0, 12, 13, 14, 15, 16, 17, 18, 19, 20, 21, 22, 23, 0, 1, 13, 12, 1, 2, 14, 13, 2, 3, 15, 14, 3, 4, 16, 15, 4, 5, 17, 16, 5, 6, 18, 17, 6, 7, 19, 18, 7, 8, 20, 19, 8, 9, 21, 20, 9, 10, 22, 21, 10, 11, 23, 22, 11, 0, 12, 23]
            rel material:binding:physics = </ceramic_mug_001/physics_materials/surface>
            uniform token physics:approximation = "convexHull"
            bool physics:collisionEnabled = 1
            point3f[] points = [(0.04476672, 0, 0.02785365), (0.04493981, -0.00255, 0.027192665), (0.045412693, -0.00441673, 0.025386825), (0.046058666, -0.0051, 0.022920003), (0.04670464, -0.00441673, 0.02045318), (0.047177527, -0.00255, 0.01864734), (0.047350615, -6.2456986e-19, 0.017986355), (0.047177527, 0.00255, 0.01864734), (0.04670464, 0.00441673, 0.02045318), (0.046058666, 0.0051, 0.022920003), (0.045412693, 0.00441673, 0.025386825), (0.04493981, 0.00255, 0.027192665), (0.04910197, 0, 0.0289889), (0.04927506, -0.00255, 0.028327916), (0.049747948, -0.00441673, 0.026522076), (0.05039392, -0.0051, 0.024055252), (0.051039893, -0.00441673, 0.02158843), (0.05151278, -0.00255, 0.01978259), (0.05168587, -6.2456986e-19, 0.019121606), (0.05151278, 0.00255, 0.01978259), (0.051039893, 0.00441673, 0.02158843), (0.05039392, 0.0051, 0.024055252), (0.049747948, 0.00441673, 0.026522076), (0.04927506, 0.00255, 0.028327916)]
            uniform token purpose = "guide"
            uniform token subdivisionScheme = "none"
            token visibility = "invisible"
        }

        def Mesh "handle_03" (
            prepend apiSchemas = ["PhysicsCollisionAPI", "PhysicsMeshCollisionAPI", "MaterialBindingAPI"]
        )
        {
            float3[] extent = [(0.048580535, -0.0051, 0.019288532), (0.056313388, 0.0051, 0.030384036)]
            int[] faceVertexCounts = [12, 12, 4, 4, 4, 4, 4, 4, 4, 4, 4, 4, 4, 4]
            int[] faceVertexIndices = [11, 10, 9, 8, 7, 6, 5, 4, 3, 2, 1, 0, 12, 13, 14, 15, 16, 17, 18, 19, 20, 21, 22, 23, 0, 1, 13, 12, 1, 2, 14, 13, 2, 3, 15, 14, 3, 4, 16, 15, 4, 5, 17, 16, 5, 6, 18, 17, 6, 7, 19, 18, 7, 8, 20, 19, 8, 9, 21, 20, 9, 10, 22, 21, 10, 11, 23, 22, 11, 0, 12, 23]
            rel material:binding:physics = </ceramic_mug_001/physics_materials/surface>
            uniform token physics:approximation = "convexHull"
            bool physics:collisionEnabled = 1
            point3f[] points = [(0.048580535, 0, 0.028821973), (0.04882348, -0.00255, 0.028183354), (0.049487226, -0.00441673, 0.026438612), (0.05039392, -0.0051, 0.024055252), (0.051300615, -0.00441673, 0.021671893), (0.051964357, -0.00255, 0.019927152), (0.052207306, -6.2456986e-19, 0.019288532), (0.051964357, 0.00255, 0.019927152), (0.051300615, 0.00441673, 0.021671893), (0.05039392, 0.0051, 0.024055252), (0.049487226, 0.00441673, 0.026438612), (0.04882348, 0.00255, 0.028183354), (0.052686613, 0, 0.030384036), (0.05292956, -0.00255, 0.029745415), (0.053593308, -0.00441673, 0.028000675), (0.0545, -0.0051, 0.025617315), (0.055406693, -0.00441673, 0.023233954), (0.05607044, -0.00255, 0.021489212), (0.056313388, -6.2456986e-19, 0.020850593), (0.05607044, 0.00255, 0.021489212), (0.055406693, 0.00441673, 0.023233954), (0.0545, 0.0051, 0.025617315), (0.053593308, 0.00441673, 0.028000675), (0.05292956, 0.00255, 0.029745415)]
            uniform token purpose = "guide"
            uniform token subdivisionScheme = "none"
            token visibility = "invisible"
        }

        def Mesh "handle_04" (
            prepend apiSchemas = ["PhysicsCollisionAPI", "PhysicsMeshCollisionAPI", "MaterialBindingAPI"]
        )
        {
            float3[] extent = [(0.052163344, -0.0051, 0.021084098), (0.060643304, 0.0051, 0.032112677)]
            int[] faceVertexCounts = [12, 12, 4, 4, 4, 4, 4, 4, 4, 4, 4, 4, 4, 4]
            int[] faceVertexIndices = [11, 10, 9, 8, 7, 6, 5, 4, 3, 2, 1, 0, 12, 13, 14, 15, 16, 17, 18, 19, 20, 21, 22, 23, 0, 1, 13, 12, 1, 2, 14, 13, 2, 3, 15, 14, 3, 4, 16, 15, 4, 5, 17, 16, 5, 6, 18, 17, 6, 7, 19, 18, 7, 8, 20, 19, 8, 9, 21, 20, 9, 10, 22, 21, 10, 11, 23, 22, 11, 0, 12, 23]
            rel material:binding:physics = </ceramic_mug_001/physics_materials/surface>
            uniform token physics:approximation = "convexHull"
            bool physics:collisionEnabled = 1
            point3f[] points = [(0.052163344, 0, 0.030150529), (0.0524764, -0.00255, 0.029543193), (0.053331673, -0.00441673, 0.027883923), (0.0545, -0.0051, 0.025617315), (0.055668328, -0.00441673, 0.023350706), (0.056523602, -0.00255, 0.021691434), (0.056836654, -6.2456986e-19, 0.021084098), (0.056523602, 0.00255, 0.021691434), (0.055668328, 0.00441673, 0.023350706), (0.0545, 0.0051, 0.025617315), (0.053331673, 0.00441673, 0.027883923), (0.0524764, 0.00255, 0.029543193), (0.055969995, 0, 0.032112677), (0.056283046, -0.00255, 0.03150534), (0.057138324, -0.00441673, 0.029846067), (0.05830665, -0.0051, 0.02757946), (0.05947498, -0.00441673, 0.025312852), (0.060330253, -0.00255, 0.02365358), (0.060643304, -6.2456986e-19, 0.023046244), (0.060330253, 0.00255, 0.02365358), (0.05947498, 0.00441673, 0.025312852), (0.05830665, 0.0051, 0.02757946), (0.057138324, 0.00441673, 0.029846067), (0.056283046, 0.00255, 0.03150534)]
            uniform token purpose = "guide"
            uniform token subdivisionScheme = "none"
            token visibility = "invisible"
        }

        def Mesh "handle_05" (
            prepend apiSchemas = ["PhysicsCollisionAPI", "PhysicsMeshCollisionAPI", "MaterialBindingAPI"]
        )
        {
            float3[] extent = [(0.055448916, -0.0051, 0.02335532), (0.06460647, 0.0051, 0.034132257)]
            int[] faceVertexCounts = [12, 12, 4, 4, 4, 4, 4, 4, 4, 4, 4, 4, 4, 4]
            int[] faceVertexIndices = [11, 10, 9, 8, 7, 6, 5, 4, 3, 2, 1, 0, 12, 13, 14, 15, 16, 17, 18, 19, 20, 21, 22, 23, 0, 1, 13, 12, 1, 2, 14, 13, 2, 3, 15, 14, 3, 4, 16, 15, 4, 5, 17, 16, 5, 6, 18, 17, 6, 7, 19, 18, 7, 8, 20, 19, 8, 9, 21, 20, 9, 10, 22, 21, 10, 11, 23, 22, 11, 0, 12, 23]
            rel material:binding:physics = </ceramic_mug_001/physics_materials/surface>
            uniform token physics:approximation = "convexHull"
            bool physics:collisionEnabled = 1
            point3f[] points = [(0.055448916, 0, 0.0318036), (0.05583178, -0.00255, 0.031237671), (0.056877784, -0.00441673, 0.02969153), (0.05830665, -0.0051, 0.02757946), (0.059735518, -0.00441673, 0.02546739), (0.06078152, -0.00255, 0.023921248), (0.061164383, -6.2456986e-19, 0.02335532), (0.06078152, 0.00255, 0.023921248), (0.059735518, 0.00441673, 0.02546739), (0.05830665, 0.0051, 0.02757946), (0.056877784, 0.00441673, 0.02969153), (0.05583178, 0.00255, 0.031237671), (0.058891002, 0, 0.034132257), (0.059273865, -0.00255, 0.03356633), (0.06031987, -0.00441673, 0.032020185), (0.061748736, -0.0051, 0.029908117), (0.06317761, -0.00441673, 0.027796047), (0.06422361, -0.00255, 0.026249904), (0.06460647, -6.2456986e-19, 0.025683977), (0.06422361, 0.00255, 0.026249904), (0.06317761, 0.00441673, 0.027796047), (0.061748736, 0.0051, 0.029908117), (0.06031987, 0.00441673, 0.032020185), (0.059273865, 0.00255, 0.03356633)]
            uniform token purpose = "guide"
            uniform token subdivisionScheme = "none"
            token visibility = "invisible"
        }

        def Mesh "handle_06" (
            prepend apiSchemas = ["PhysicsCollisionAPI", "PhysicsMeshCollisionAPI", "MaterialBindingAPI"]
        )
        {
            float3[] extent = [(0.0583803, -0.0051, 0.026078805), (0.068135805, 0.0051, 0.036392752)]
            int[] faceVertexCounts = [12, 12, 4, 4, 4, 4, 4, 4, 4, 4, 4, 4, 4, 4]
            int[] faceVertexIndices = [11, 10, 9, 8, 7, 6, 5, 4, 3, 2, 1, 0, 12, 13, 14, 15, 16, 17, 18, 19, 20, 21, 22, 23, 0, 1, 13, 12, 1, 2, 14, 13, 2, 3, 15, 14, 3, 4, 16, 15, 4, 5, 17, 16, 5, 6, 18, 17, 6, 7, 19, 18, 7, 8, 20, 19, 8, 9, 21, 20, 9, 10, 22, 21, 10, 11, 23, 22, 11, 0, 12, 23]
            rel material:binding:physics = </ceramic_mug_001/physics_materials/surface>
            uniform token physics:approximation = "convexHull"
            bool physics:collisionEnabled = 1
            point3f[] points = [(0.0583803, 0, 0.03373743), (0.058831584, -0.00255, 0.033224396), (0.060064517, -0.00441673, 0.031822775), (0.061748736, -0.0051, 0.029908117), (0.063432954, -0.00441673, 0.027993461), (0.06466589, -0.00255, 0.026591836), (0.06511717, -6.2456986e-19, 0.026078805), (0.06466589, 0.00255, 0.026591836), (0.063432954, 0.00441673, 0.027993461), (0.061748736, 0.0051, 0.029908117), (0.060064517, 0.00441673, 0.031822775), (0.058831584, 0.00255, 0.033224396), (0.06139893, 0, 0.036392752), (0.061850216, -0.00255, 0.035879724), (0.06308315, -0.00441673, 0.0344781), (0.06476737, -0.0051, 0.03256344), (0.06645159, -0.00441673, 0.030648785), (0.06768452, -0.00255, 0.029247161), (0.068135805, -6.2456986e-19, 0.028734129), (0.06768452, 0.00255, 0.029247161), (0.06645159, 0.00441673, 0.030648785), (0.06476737, 0.0051, 0.03256344), (0.06308315, 0.00441673, 0.0344781), (0.061850216, 0.00255, 0.035879724)]
            uniform token purpose = "guide"
            uniform token subdivisionScheme = "none"
            token visibility = "invisible"
        }

        def Mesh "handle_07" (
            prepend apiSchemas = ["PhysicsCollisionAPI", "PhysicsMeshCollisionAPI", "MaterialBindingAPI"]
        )
        {
            float3[] extent = [(0.06091238, -0.0051, 0.029224416), (0.071165875, 0.0051, 0.038839024)]
            int[] faceVertexCounts = [12, 12, 4, 4, 4, 4, 4, 4, 4, 4, 4, 4, 4, 4]
            int[] faceVertexIndices = [11, 10, 9, 8, 7, 6, 5, 4, 3, 2, 1, 0, 12, 13, 14, 15, 16, 17, 18, 19, 20, 21, 22, 23, 0, 1, 13, 12, 1, 2, 14, 13, 2, 3, 15, 14, 3, 4, 16, 15, 4, 5, 17, 16, 5, 6, 18, 17, 6, 7, 19, 18, 7, 8, 20, 19, 8, 9, 21, 20, 9, 10, 22, 21, 10, 11, 23, 22, 11, 0, 12, 23]
            rel material:binding:physics = </ceramic_mug_001/physics_materials/surface>
            uniform token physics:approximation = "convexHull"
            bool physics:collisionEnabled = 1
            point3f[] points = [(0.06091238, 0, 0.035902467), (0.061428852, -0.00255, 0.035455123), (0.06283987, -0.00441673, 0.034232955), (0.06476737, -0.0051, 0.03256344), (0.06669486, -0.00441673, 0.03089393), (0.068105884, -0.00255, 0.029671762), (0.06862235, -6.2456986e-19, 0.029224416), (0.068105884, 0.00255, 0.029671762), (0.06669486, 0.00441673, 0.03089393), (0.06476737, 0.0051, 0.03256344), (0.06283987, 0.00441673, 0.034232955), (0.061428852, 0.00255, 0.035455123), (0.0634559, 0, 0.038839024), (0.06397238, -0.00255, 0.03839168), (0.0653834, -0.00441673, 0.037169512), (0.06731089, -0.0051, 0.0355), (0.06923838, -0.00441673, 0.033830486), (0.07064941, -0.00255, 0.03260832), (0.071165875, -6.2456986e-19, 0.032160975), (0.07064941, 0.00255, 0.03260832), (0.06923838, 0.00441673, 0.033830486), (0.06731089, 0.0051, 0.0355), (0.0653834, 0.00441673, 0.037169512), (0.06397238, 0.00255, 0.03839168)]
            uniform token purpose = "guide"
            uniform token subdivisionScheme = "none"
            token visibility = "invisible"
        }

        def Mesh "handle_08" (
            prepend apiSchemas = ["PhysicsCollisionAPI", "PhysicsMeshCollisionAPI", "MaterialBindingAPI"]
        )
        {
            float3[] extent = [(0.06301387, -0.0051, 0.032753073), (0.07363281, 0.0051, 0.041414473)]
            int[] faceVertexCounts = [12, 12, 4, 4, 4, 4, 4, 4, 4, 4, 4, 4, 4, 4]
            int[] faceVertexIndices = [11, 10, 9, 8, 7, 6, 5, 4, 3, 2, 1, 0, 12, 13, 14, 15, 16, 17, 18, 19, 20, 21, 22, 23, 0, 1, 13, 12, 1, 2, 14, 13, 2, 3, 15, 14, 3, 4, 16, 15, 4, 5, 17, 16, 5, 6, 18, 17, 6, 7, 19, 18, 7, 8, 20, 19, 8, 9, 21, 20, 9, 10, 22, 21, 10, 11, 23, 22, 11, 0, 12, 23]
            rel material:binding:physics = </ceramic_mug_001/physics_materials/surface>
            uniform token physics:approximation = "convexHull"
            bool physics:collisionEnabled = 1
            point3f[] points = [(0.06301387, 0, 0.038246926), (0.06358956, -0.00255, 0.03787891), (0.065162376, -0.00441673, 0.036873464), (0.06731089, -0.0051, 0.0355), (0.0694594, -0.00441673, 0.03412654), (0.07103222, -0.00255, 0.033121094), (0.07160791, -6.2456986e-19, 0.032753073), (0.07103222, 0.00255, 0.033121094), (0.0694594, 0.00441673, 0.03412654), (0.06731089, 0.0051, 0.0355), (0.065162376, 0.00441673, 0.036873464), (0.06358956, 0.00255, 0.03787891), (0.06503876, 0, 0.041414473), (0.065614454, -0.00255, 0.041046456), (0.06718727, -0.00441673, 0.04004101), (0.06933578, -0.0051, 0.03866755), (0.0714843, -0.00441673, 0.037294086), (0.073057115, -0.00255, 0.03628864), (0.07363281, -6.2456986e-19, 0.03592062), (0.073057115, 0.00255, 0.03628864), (0.0714843, 0.00441673, 0.037294086), (0.06933578, 0.0051, 0.03866755), (0.06718727, 0.00441673, 0.04004101), (0.065614454, 0.00255, 0.041046456)]
            uniform token purpose = "guide"
            uniform token subdivisionScheme = "none"
            token visibility = "invisible"
        }

        def Mesh "handle_09" (
            prepend apiSchemas = ["PhysicsCollisionAPI", "PhysicsMeshCollisionAPI", "MaterialBindingAPI"]
        )
        {
            float3[] extent = [(0.06466773, -0.0051, 0.03661345), (0.075475454, 0.0051, 0.044065982)]
            int[] faceVertexCounts = [12, 12, 4, 4, 4, 4, 4, 4, 4, 4, 4, 4, 4, 4]
            int[] faceVertexIndices = [11, 10, 9, 8, 7, 6, 5, 4, 3, 2, 1, 0, 12, 13, 14, 15, 16, 17, 18, 19, 20, 21, 22, 23, 0, 1, 13, 12, 1, 2, 14, 13, 2, 3, 15, 14, 3, 4, 16, 15, 4, 5, 17, 16, 5, 6, 18, 17, 6, 7, 19, 18, 7, 8, 20, 19, 8, 9, 21, 20, 9, 10, 22, 21, 10, 11, 23, 22, 11, 0, 12, 23]
            rel material:binding:physics = </ceramic_mug_001/physics_materials/surface>
            uniform token physics:approximation = "convexHull"
            bool physics:collisionEnabled = 1
            point3f[] points = [(0.06466773, 0, 0.040721644), (0.06529313, -0.00255, 0.04044645), (0.06700176, -0.00441673, 0.039694596), (0.06933578, -0.0051, 0.03866755), (0.07166981, -0.00441673, 0.037640497), (0.073378436, -0.00255, 0.036888648), (0.07400383, -6.2456986e-19, 0.03661345), (0.073378436, 0.00255, 0.036888648), (0.07166981, 0.00441673, 0.037640497), (0.06933578, 0.0051, 0.03866755), (0.06700176, 0.00441673, 0.039694596), (0.06529313, 0.00255, 0.04044645), (0.066139355, 0, 0.044065982), (0.06676476, -0.00255, 0.043790787), (0.06847338, -0.00441673, 0.043038934), (0.070807405, -0.0051, 0.042011887), (0.073141426, -0.00441673, 0.040984835), (0.07485005, -0.00255, 0.040232986), (0.075475454, -6.2456986e-19, 0.039957788), (0.07485005, 0.00255, 0.040232986), (0.073141426, 0.00441673, 0.040984835), (0.070807405, 0.0051, 0.042011887), (0.06847338, 0.00441673, 0.043038934), (0.06676476, 0.00255, 0.043790787)]
            uniform token purpose = "guide"
            uniform token subdivisionScheme = "none"
            token visibility = "invisible"
        }

        def Mesh "handle_10" (
            prepend apiSchemas = ["PhysicsCollisionAPI", "PhysicsMeshCollisionAPI", "MaterialBindingAPI"]
        )
        {
            float3[] extent = [(0.06586893, -0.0051, 0.040738504), (0.07663904, 0.0051, 0.046749175)]
            int[] faceVertexCounts = [12, 12, 4, 4, 4, 4, 4, 4, 4, 4, 4, 4, 4, 4]
            int[] faceVertexIndices = [11, 10, 9, 8, 7, 6, 5, 4, 3, 2, 1, 0, 12, 13, 14, 15, 16, 17, 18, 19, 20, 21, 22, 23, 0, 1, 13, 12, 1, 2, 14, 13, 2, 3, 15, 14, 3, 4, 16, 15, 4, 5, 17, 16, 5, 6, 18, 17, 6, 7, 19, 18, 7, 8, 20, 19, 8, 9, 21, 20, 9, 10, 22, 21, 10, 11, 23, 22, 11, 0, 12, 23]
            rel material:binding:physics = </ceramic_mug_001/physics_materials/surface>
            uniform token physics:approximation = "convexHull"
            bool physics:collisionEnabled = 1
            point3f[] points = [(0.06586893, 0, 0.04328527), (0.06653056, -0.00255, 0.043114666), (0.06833817, -0.00441673, 0.042648576), (0.070807405, -0.0051, 0.042011887), (0.07327664, -0.00441673, 0.041375194), (0.07508425, -0.00255, 0.040909104), (0.07574587, -6.2456986e-19, 0.040738504), (0.07508425, 0.00255, 0.040909104), (0.07327664, 0.00441673, 0.041375194), (0.070807405, 0.0051, 0.042011887), (0.06833817, 0.00441673, 0.042648576), (0.06653056, 0.00255, 0.043114666), (0.0667621, 0, 0.046749175), (0.06742373, -0.00255, 0.046578575), (0.06923133, -0.00441673, 0.046112485), (0.07170057, -0.0051, 0.045475792), (0.07416981, -0.00441673, 0.044839103), (0.075977415, -0.00255, 0.044373013), (0.07663904, -6.2456986e-19, 0.04420241), (0.075977415, 0.00255, 0.044373013), (0.07416981, 0.00441673, 0.044839103), (0.07170057, 0.0051, 0.045475792), (0.06923133, 0.00441673, 0.046112485), (0.06742373, 0.00255, 0.046578575)]
            uniform token purpose = "guide"
            uniform token subdivisionScheme = "none"
            token visibility = "invisible"
        }

        def Mesh "handle_11" (
            prepend apiSchemas = ["PhysicsCollisionAPI", "PhysicsMeshCollisionAPI", "MaterialBindingAPI"]
        )
        {
            float3[] extent = [(0.06661888, -0.0051, 0.045044035), (0.07708169, 0.0051, 0.04943176)]
            int[] faceVertexCounts = [12, 12, 4, 4, 4, 4, 4, 4, 4, 4, 4, 4, 4, 4]
            int[] faceVertexIndices = [11, 10, 9, 8, 7, 6, 5, 4, 3, 2, 1, 0, 12, 13, 14, 15, 16, 17, 18, 19, 20, 21, 22, 23, 0, 1, 13, 12, 1, 2, 14, 13, 2, 3, 15, 14, 3, 4, 16, 15, 4, 5, 17, 16, 5, 6, 18, 17, 6, 7, 19, 18, 7, 8, 20, 19, 8, 9, 21, 20, 9, 10, 22, 21, 10, 11, 23, 22, 11, 0, 12, 23]
            rel material:binding:physics = </ceramic_mug_001/physics_materials/surface>
            uniform token physics:approximation = "convexHull"
            bool physics:collisionEnabled = 1
            point3f[] points = [(0.06661888, 0, 0.045907553), (0.067299694, -0.00255, 0.045849707), (0.069159724, -0.00441673, 0.045691673), (0.07170057, -0.0051, 0.045475792), (0.074241415, -0.00441673, 0.04525991), (0.076101445, -0.00255, 0.045101877), (0.076782264, -6.2456986e-19, 0.045044035), (0.076101445, 0.00255, 0.045101877), (0.074241415, 0.00441673, 0.04525991), (0.07170057, 0.0051, 0.045475792), (0.069159724, 0.00441673, 0.045691673), (0.067299694, 0.00255, 0.045849707), (0.066918306, 0, 0.04943176), (0.067599125, -0.00255, 0.049373914), (0.069459155, -0.00441673, 0.04921588), (0.072, -0.0051, 0.049), (0.074540846, -0.00441673, 0.048784122), (0.076400876, -0.00255, 0.048626084), (0.07708169, -6.2456986e-19, 0.04856824), (0.076400876, 0.00255, 0.048626084), (0.074540846, 0.00441673, 0.048784122), (0.072, 0.0051, 0.049), (0.069459155, 0.00441673, 0.04921588), (0.067599125, 0.00255, 0.049373914)]
            uniform token purpose = "guide"
            uniform token subdivisionScheme = "none"
            token visibility = "invisible"
        }

        def Mesh "handle_12" (
            prepend apiSchemas = ["PhysicsCollisionAPI", "PhysicsMeshCollisionAPI", "MaterialBindingAPI"]
        )
        {
            float3[] extent = [(0.06661888, -0.0051, 0.04856824), (0.07708169, 0.0051, 0.052955966)]
            int[] faceVertexCounts = [12, 12, 4, 4, 4, 4, 4, 4, 4, 4, 4, 4, 4, 4]
            int[] faceVertexIndices = [11, 10, 9, 8, 7, 6, 5, 4, 3, 2, 1, 0, 12, 13, 14, 15, 16, 17, 18, 19, 20, 21, 22, 23, 0, 1, 13, 12, 1, 2, 14, 13, 2, 3, 15, 14, 3, 4, 16, 15, 4, 5, 17, 16, 5, 6, 18, 17, 6, 7, 19, 18, 7, 8, 20, 19, 8, 9, 21, 20, 9, 10, 22, 21, 10, 11, 23, 22, 11, 0, 12, 23]
            rel material:binding:physics = </ceramic_mug_001/physics_materials/surface>
            uniform token physics:approximation = "convexHull"
            bool physics:collisionEnabled = 1
            point3f[] points = [(0.066918306, 0, 0.04856824), (0.067599125, -0.00255, 0.048626084), (0.069459155, -0.00441673, 0.048784122), (0.072, -0.0051, 0.049), (0.074540846, -0.00441673, 0.04921588), (0.076400876, -0.00255, 0.049373914), (0.07708169, -6.2456986e-19, 0.04943176), (0.076400876, 0.00255, 0.049373914), (0.074540846, 0.00441673, 0.04921588), (0.072, 0.0051, 0.049), (0.069459155, 0.00441673, 0.048784122), (0.067599125, 0.00255, 0.048626084), (0.06661888, 0, 0.052092448), (0.067299694, -0.00255, 0.052150294), (0.069159724, -0.00441673, 0.05230833), (0.07170057, -0.0051, 0.05252421), (0.074241415, -0.00441673, 0.052740086), (0.076101445, -0.00255, 0.05289812), (0.076782264, -6.2456986e-19, 0.052955966), (0.076101445, 0.00255, 0.05289812), (0.074241415, 0.00441673, 0.052740086), (0.07170057, 0.0051, 0.05252421), (0.069159724, 0.00441673, 0.05230833), (0.067299694, 0.00255, 0.052150294)]
            uniform token purpose = "guide"
            uniform token subdivisionScheme = "none"
            token visibility = "invisible"
        }

        def Mesh "handle_13" (
            prepend apiSchemas = ["PhysicsCollisionAPI", "PhysicsMeshCollisionAPI", "MaterialBindingAPI"]
        )
        {
            float3[] extent = [(0.06586893, -0.0051, 0.051250827), (0.07663904, 0.0051, 0.057261497)]
            int[] faceVertexCounts = [12, 12, 4, 4, 4, 4, 4, 4, 4, 4, 4, 4, 4, 4]
            int[] faceVertexIndices = [11, 10, 9, 8, 7, 6, 5, 4, 3, 2, 1, 0, 12, 13, 14, 15, 16, 17, 18, 19, 20, 21, 22, 23, 0, 1, 13, 12, 1, 2, 14, 13, 2, 3, 15, 14, 3, 4, 16, 15, 4, 5, 17, 16, 5, 6, 18, 17, 6, 7, 19, 18, 7, 8, 20, 19, 8, 9, 21, 20, 9, 10, 22, 21, 10, 11, 23, 22, 11, 0, 12, 23]
            rel material:binding:physics = </ceramic_mug_001/physics_materials/surface>
            uniform token physics:approximation = "convexHull"
            bool physics:collisionEnabled = 1
            point3f[] points = [(0.0667621, 0, 0.051250827), (0.06742373, -0.00255, 0.051421426), (0.06923133, -0.00441673, 0.051887516), (0.07170057, -0.0051, 0.05252421), (0.07416981, -0.00441673, 0.0531609), (0.075977415, -0.00255, 0.053626988), (0.07663904, -6.2456986e-19, 0.053797588), (0.075977415, 0.00255, 0.053626988), (0.07416981, 0.00441673, 0.0531609), (0.07170057, 0.0051, 0.05252421), (0.06923133, 0.00441673, 0.051887516), (0.06742373, 0.00255, 0.051421426), (0.06586893, 0, 0.054714732), (0.06653056, -0.00255, 0.05488533), (0.06833817, -0.00441673, 0.055351425), (0.070807405, -0.0051, 0.055988114), (0.07327664, -0.00441673, 0.056624804), (0.07508425, -0.00255, 0.057090893), (0.07574587, -6.2456986e-19, 0.057261497), (0.07508425, 0.00255, 0.057090893), (0.07327664, 0.00441673, 0.056624804), (0.070807405, 0.0051, 0.055988114), (0.06833817, 0.00441673, 0.055351425), (0.06653056, 0.00255, 0.05488533)]
            uniform token purpose = "guide"
            uniform token subdivisionScheme = "none"
            token visibility = "invisible"
        }

        def Mesh "handle_14" (
            prepend apiSchemas = ["PhysicsCollisionAPI", "PhysicsMeshCollisionAPI", "MaterialBindingAPI"]
        )
        {
            float3[] extent = [(0.06466773, -0.0051, 0.053934015), (0.075475454, 0.0051, 0.061386548)]
            int[] faceVertexCounts = [12, 12, 4, 4, 4, 4, 4, 4, 4, 4, 4, 4, 4, 4]
            int[] faceVertexIndices = [11, 10, 9, 8, 7, 6, 5, 4, 3, 2, 1, 0, 12, 13, 14, 15, 16, 17, 18, 19, 20, 21, 22, 23, 0, 1, 13, 12, 1, 2, 14, 13, 2, 3, 15, 14, 3, 4, 16, 15, 4, 5, 17, 16, 5, 6, 18, 17, 6, 7, 19, 18, 7, 8, 20, 19, 8, 9, 21, 20, 9, 10, 22, 21, 10, 11, 23, 22, 11, 0, 12, 23]
            rel material:binding:physics = </ceramic_mug_001/physics_materials/surface>
            uniform token physics:approximation = "convexHull"
            bool physics:collisionEnabled = 1
            point3f[] points = [(0.066139355, 0, 0.053934015), (0.06676476, -0.00255, 0.054209214), (0.06847338, -0.00441673, 0.054961067), (0.070807405, -0.0051, 0.055988114), (0.073141426, -0.00441673, 0.057015162), (0.07485005, -0.00255, 0.057767015), (0.075475454, -6.2456986e-19, 0.05804221), (0.07485005, 0.00255, 0.057767015), (0.073141426, 0.00441673, 0.057015162), (0.070807405, 0.0051, 0.055988114), (0.06847338, 0.00441673, 0.054961067), (0.06676476, 0.00255, 0.054209214), (0.06466773, 0, 0.057278354), (0.06529313, -0.00255, 0.057553552), (0.06700176, -0.00441673, 0.058305405), (0.06933578, -0.0051, 0.059332453), (0.07166981, -0.00441673, 0.0603595), (0.073378436, -0.00255, 0.061111353), (0.07400383, -6.2456986e-19, 0.061386548), (0.073378436, 0.00255, 0.061111353), (0.07166981, 0.00441673, 0.0603595), (0.06933578, 0.0051, 0.059332453), (0.06700176, 0.00441673, 0.058305405), (0.06529313, 0.00255, 0.057553552)]
            uniform token purpose = "guide"
            uniform token subdivisionScheme = "none"
            token visibility = "invisible"
        }

        def Mesh "handle_15" (
            prepend apiSchemas = ["PhysicsCollisionAPI", "PhysicsMeshCollisionAPI", "MaterialBindingAPI"]
        )
        {
            float3[] extent = [(0.06301387, -0.0051, 0.056585528), (0.07363281, 0.0051, 0.065246925)]
            int[] faceVertexCounts = [12, 12, 4, 4, 4, 4, 4, 4, 4, 4, 4, 4, 4, 4]
            int[] faceVertexIndices = [11, 10, 9, 8, 7, 6, 5, 4, 3, 2, 1, 0, 12, 13, 14, 15, 16, 17, 18, 19, 20, 21, 22, 23, 0, 1, 13, 12, 1, 2, 14, 13, 2, 3, 15, 14, 3, 4, 16, 15, 4, 5, 17, 16, 5, 6, 18, 17, 6, 7, 19, 18, 7, 8, 20, 19, 8, 9, 21, 20, 9, 10, 22, 21, 10, 11, 23, 22, 11, 0, 12, 23]
            rel material:binding:physics = </ceramic_mug_001/physics_materials/surface>
            uniform token physics:approximation = "convexHull"
            bool physics:collisionEnabled = 1
            point3f[] points = [(0.06503876, 0, 0.056585528), (0.065614454, -0.00255, 0.056953546), (0.06718727, -0.00441673, 0.05795899), (0.06933578, -0.0051, 0.059332453), (0.0714843, -0.00441673, 0.060705915), (0.073057115, -0.00255, 0.06171136), (0.07363281, -6.2456986e-19, 0.062079377), (0.073057115, 0.00255, 0.06171136), (0.0714843, 0.00441673, 0.060705915), (0.06933578, 0.0051, 0.059332453), (0.06718727, 0.00441673, 0.05795899), (0.065614454, 0.00255, 0.056953546), (0.06301387, 0, 0.059753075), (0.06358956, -0.00255, 0.060121093), (0.065162376, -0.00441673, 0.061126538), (0.06731089, -0.0051, 0.0625), (0.0694594, -0.00441673, 0.06387346), (0.07103222, -0.00255, 0.06487891), (0.07160791, -6.2456986e-19, 0.065246925), (0.07103222, 0.00255, 0.06487891), (0.0694594, 0.00441673, 0.06387346), (0.06731089, 0.0051, 0.0625), (0.065162376, 0.00441673, 0.061126538), (0.06358956, 0.00255, 0.060121093)]
            uniform token purpose = "guide"
            uniform token subdivisionScheme = "none"
            token visibility = "invisible"
        }

        def Mesh "handle_16" (
            prepend apiSchemas = ["PhysicsCollisionAPI", "PhysicsMeshCollisionAPI", "MaterialBindingAPI"]
        )
        {
            float3[] extent = [(0.06091238, -0.0051, 0.059160974), (0.071165875, 0.0051, 0.06877559)]
            int[] faceVertexCounts = [12, 12, 4, 4, 4, 4, 4, 4, 4, 4, 4, 4, 4, 4]
            int[] faceVertexIndices = [11, 10, 9, 8, 7, 6, 5, 4, 3, 2, 1, 0, 12, 13, 14, 15, 16, 17, 18, 19, 20, 21, 22, 23, 0, 1, 13, 12, 1, 2, 14, 13, 2, 3, 15, 14, 3, 4, 16, 15, 4, 5, 17, 16, 5, 6, 18, 17, 6, 7, 19, 18, 7, 8, 20, 19, 8, 9, 21, 20, 9, 10, 22, 21, 10, 11, 23, 22, 11, 0, 12, 23]
            rel material:binding:physics = </ceramic_mug_001/physics_materials/surface>
            uniform token physics:approximation = "convexHull"
            bool physics:collisionEnabled = 1
            point3f[] points = [(0.0634559, 0, 0.059160974), (0.06397238, -0.00255, 0.05960832), (0.0653834, -0.00441673, 0.06083049), (0.06731089, -0.0051, 0.0625), (0.06923838, -0.00441673, 0.06416951), (0.07064941, -0.00255, 0.06539168), (0.071165875, -6.2456986e-19, 0.06583902), (0.07064941, 0.00255, 0.06539168), (0.06923838, 0.00441673, 0.06416951), (0.06731089, 0.0051, 0.0625), (0.0653834, 0.00441673, 0.06083049), (0.06397238, 0.00255, 0.05960832), (0.06091238, 0, 0.062097535), (0.061428852, -0.00255, 0.062544875), (0.06283987, -0.00441673, 0.063767046), (0.06476737, -0.0051, 0.06543656), (0.06669486, -0.00441673, 0.06710607), (0.068105884, -0.00255, 0.06832824), (0.06862235, -6.2456986e-19, 0.06877559), (0.068105884, 0.00255, 0.06832824), (0.06669486, 0.00441673, 0.06710607), (0.06476737, 0.0051, 0.06543656), (0.06283987, 0.00441673, 0.063767046), (0.061428852, 0.00255, 0.062544875)]
            uniform token purpose = "guide"
            uniform token subdivisionScheme = "none"
            token visibility = "invisible"
        }

        def Mesh "handle_17" (
            prepend apiSchemas = ["PhysicsCollisionAPI", "PhysicsMeshCollisionAPI", "MaterialBindingAPI"]
        )
        {
            float3[] extent = [(0.0583803, -0.0051, 0.061607245), (0.068135805, 0.0051, 0.07192119)]
            int[] faceVertexCounts = [12, 12, 4, 4, 4, 4, 4, 4, 4, 4, 4, 4, 4, 4]
            int[] faceVertexIndices = [11, 10, 9, 8, 7, 6, 5, 4, 3, 2, 1, 0, 12, 13, 14, 15, 16, 17, 18, 19, 20, 21, 22, 23, 0, 1, 13, 12, 1, 2, 14, 13, 2, 3, 15, 14, 3, 4, 16, 15, 4, 5, 17, 16, 5, 6, 18, 17, 6, 7, 19, 18, 7, 8, 20, 19, 8, 9, 21, 20, 9, 10, 22, 21, 10, 11, 23, 22, 11, 0, 12, 23]
            rel material:binding:physics = </ceramic_mug_001/physics_materials/surface>
            uniform token physics:approximation = "convexHull"
            bool physics:collisionEnabled = 1
            point3f[] points = [(0.06139893, 0, 0.061607245), (0.061850216, -0.00255, 0.062120277), (0.06308315, -0.00441673, 0.0635219), (0.06476737, -0.0051, 0.06543656), (0.06645159, -0.00441673, 0.067351215), (0.06768452, -0.00255, 0.06875284), (0.068135805, -6.2456986e-19, 0.06926587), (0.06768452, 0.00255, 0.06875284), (0.06645159, 0.00441673, 0.067351215), (0.06476737, 0.0051, 0.06543656), (0.06308315, 0.00441673, 0.0635219), (0.061850216, 0.00255, 0.062120277), (0.0583803, 0, 0.06426257), (0.058831584, -0.00255, 0.0647756), (0.060064517, -0.00441673, 0.06617723), (0.061748736, -0.0051, 0.068091884), (0.063432954, -0.00441673, 0.07000654), (0.06466589, -0.00255, 0.07140817), (0.06511717, -6.2456986e-19, 0.07192119), (0.06466589, 0.00255, 0.07140817), (0.063432954, 0.00441673, 0.07000654), (0.061748736, 0.0051, 0.068091884), (0.060064517, 0.00441673, 0.06617723), (0.058831584, 0.00255, 0.0647756)]
            uniform token purpose = "guide"
            uniform token subdivisionScheme = "none"
            token visibility = "invisible"
        }

        def Mesh "handle_18" (
            prepend apiSchemas = ["PhysicsCollisionAPI", "PhysicsMeshCollisionAPI", "MaterialBindingAPI"]
        )
        {
            float3[] extent = [(0.055448916, -0.0051, 0.06386774), (0.06460647, 0.0051, 0.07464468)]
            int[] faceVertexCounts = [12, 12, 4, 4, 4, 4, 4, 4, 4, 4, 4, 4, 4, 4]
            int[] faceVertexIndices = [11, 10, 9, 8, 7, 6, 5, 4, 3, 2, 1, 0, 12, 13, 14, 15, 16, 17, 18, 19, 20, 21, 22, 23, 0, 1, 13, 12, 1, 2, 14, 13, 2, 3, 15, 14, 3, 4, 16, 15, 4, 5, 17, 16, 5, 6, 18, 17, 6, 7, 19, 18, 7, 8, 20, 19, 8, 9, 21, 20, 9, 10, 22, 21, 10, 11, 23, 22, 11, 0, 12, 23]
            rel material:binding:physics = </ceramic_mug_001/physics_materials/surface>
            uniform token physics:approximation = "convexHull"
            bool physics:collisionEnabled = 1
            point3f[] points = [(0.058891002, 0, 0.06386774), (0.059273865, -0.00255, 0.06443367), (0.06031987, -0.00441673, 0.065979816), (0.061748736, -0.0051, 0.068091884), (0.06317761, -0.00441673, 0.07020395), (0.06422361, -0.00255, 0.0717501), (0.06460647, -6.2456986e-19, 0.07231602), (0.06422361, 0.00255, 0.0717501), (0.06317761, 0.00441673, 0.07020395), (0.061748736, 0.0051, 0.068091884), (0.06031987, 0.00441673, 0.065979816), (0.059273865, 0.00255, 0.06443367), (0.055448916, 0, 0.066196404), (0.05583178, -0.00255, 0.06676233), (0.056877784, -0.00441673, 0.06830847), (0.05830665, -0.0051, 0.07042054), (0.059735518, -0.00441673, 0.07253261), (0.06078152, -0.00255, 0.07407875), (0.061164383, -6.2456986e-19, 0.07464468), (0.06078152, 0.00255, 0.07407875), (0.059735518, 0.00441673, 0.07253261), (0.05830665, 0.0051, 0.07042054), (0.056877784, 0.00441673, 0.06830847), (0.05583178, 0.00255, 0.06676233)]
            uniform token purpose = "guide"
            uniform token subdivisionScheme = "none"
            token visibility = "invisible"
        }

        def Mesh "handle_19" (
            prepend apiSchemas = ["PhysicsCollisionAPI", "PhysicsMeshCollisionAPI", "MaterialBindingAPI"]
        )
        {
            float3[] extent = [(0.052163344, -0.0051, 0.065887325), (0.060643304, 0.0051, 0.076915905)]
            int[] faceVertexCounts = [12, 12, 4, 4, 4, 4, 4, 4, 4, 4, 4, 4, 4, 4]
            int[] faceVertexIndices = [11, 10, 9, 8, 7, 6, 5, 4, 3, 2, 1, 0, 12, 13, 14, 15, 16, 17, 18, 19, 20, 21, 22, 23, 0, 1, 13, 12, 1, 2, 14, 13, 2, 3, 15, 14, 3, 4, 16, 15, 4, 5, 17, 16, 5, 6, 18, 17, 6, 7, 19, 18, 7, 8, 20, 19, 8, 9, 21, 20, 9, 10, 22, 21, 10, 11, 23, 22, 11, 0, 12, 23]
            rel material:binding:physics = </ceramic_mug_001/physics_materials/surface>
            uniform token physics:approximation = "convexHull"
            bool physics:collisionEnabled = 1
            point3f[] points = [(0.055969995, 0, 0.065887325), (0.056283046, -0.00255, 0.06649466), (0.057138324, -0.00441673, 0.06815393), (0.05830665, -0.0051, 0.07042054), (0.05947498, -0.00441673, 0.07268715), (0.060330253, -0.00255, 0.07434642), (0.060643304, -6.2456986e-19, 0.07495376), (0.060330253, 0.00255, 0.07434642), (0.05947498, 0.00441673, 0.07268715), (0.05830665, 0.0051, 0.07042054), (0.057138324, 0.00441673, 0.06815393), (0.056283046, 0.00255, 0.06649466), (0.052163344, 0, 0.06784947), (0.0524764, -0.00255, 0.068456806), (0.053331673, -0.00441673, 0.07011608), (0.0545, -0.0051, 0.07238269), (0.055668328, -0.00441673, 0.0746493), (0.056523602, -0.00255, 0.07630856), (0.056836654, -6.2456986e-19, 0.076915905), (0.056523602, 0.00255, 0.07630856), (0.055668328, 0.00441673, 0.0746493), (0.0545, 0.0051, 0.07238269), (0.053331673, 0.00441673, 0.07011608), (0.0524764, 0.00255, 0.068456806)]
            uniform token purpose = "guide"
            uniform token subdivisionScheme = "none"
            token visibility = "invisible"
        }

        def Mesh "handle_20" (
            prepend apiSchemas = ["PhysicsCollisionAPI", "PhysicsMeshCollisionAPI", "MaterialBindingAPI"]
        )
        {
            float3[] extent = [(0.048580535, -0.0051, 0.06761596), (0.056313388, 0.0051, 0.078711465)]
            int[] faceVertexCounts = [12, 12, 4, 4, 4, 4, 4, 4, 4, 4, 4, 4, 4, 4]
            int[] faceVertexIndices = [11, 10, 9, 8, 7, 6, 5, 4, 3, 2, 1, 0, 12, 13, 14, 15, 16, 17, 18, 19, 20, 21, 22, 23, 0, 1, 13, 12, 1, 2, 14, 13, 2, 3, 15, 14, 3, 4, 16, 15, 4, 5, 17, 16, 5, 6, 18, 17, 6, 7, 19, 18, 7, 8, 20, 19, 8, 9, 21, 20, 9, 10, 22, 21, 10, 11, 23, 22, 11, 0, 12, 23]
            rel material:binding:physics = </ceramic_mug_001/physics_materials/surface>
            uniform token physics:approximation = "convexHull"
            bool physics:collisionEnabled = 1
            point3f[] points = [(0.052686613, 0, 0.06761596), (0.05292956, -0.00255, 0.06825458), (0.053593308, -0.00441673, 0.06999932), (0.0545, -0.0051, 0.07238269), (0.055406693, -0.00441673, 0.07476605), (0.05607044, -0.00255, 0.07651079), (0.056313388, -6.2456986e-19, 0.077149406), (0.05607044, 0.00255, 0.07651079), (0.055406693, 0.00441673, 0.07476605), (0.0545, 0.0051, 0.07238269), (0.053593308, 0.00441673, 0.06999932), (0.05292956, 0.00255, 0.06825458), (0.048580535, 0, 0.06917803), (0.04882348, -0.00255, 0.06981665), (0.049487226, -0.00441673, 0.07156139), (0.05039392, -0.0051, 0.07394475), (0.051300615, -0.00441673, 0.076328106), (0.051964357, -0.00255, 0.078072846), (0.052207306, -6.2456986e-19, 0.078711465), (0.051964357, 0.00255, 0.078072846), (0.051300615, 0.00441673, 0.076328106), (0.05039392, 0.0051, 0.07394475), (0.049487226, 0.00441673, 0.07156139), (0.04882348, 0.00255, 0.06981665)]
            uniform token purpose = "guide"
            uniform token subdivisionScheme = "none"
            token visibility = "invisible"
        }

        def Mesh "handle_21" (
            prepend apiSchemas = ["PhysicsCollisionAPI", "PhysicsMeshCollisionAPI", "MaterialBindingAPI"]
        )
        {
            float3[] extent = [(0.04476672, -0.0051, 0.0690111), (0.05168587, 0.0051, 0.08001365)]
            int[] faceVertexCounts = [12, 12, 4, 4, 4, 4, 4, 4, 4, 4, 4, 4, 4, 4]
            int[] faceVertexIndices = [11, 10, 9, 8, 7, 6, 5, 4, 3, 2, 1, 0, 12, 13, 14, 15, 16, 17, 18, 19, 20, 21, 22, 23, 0, 1, 13, 12, 1, 2, 14, 13, 2, 3, 15, 14, 3, 4, 16, 15, 4, 5, 17, 16, 5, 6, 18, 17, 6, 7, 19, 18, 7, 8, 20, 19, 8, 9, 21, 20, 9, 10, 22, 21, 10, 11, 23, 22, 11, 0, 12, 23]
            rel material:binding:physics = </ceramic_mug_001/physics_materials/surface>
            uniform token physics:approximation = "convexHull"
            bool physics:collisionEnabled = 1
            point3f[] points = [(0.04910197, 0, 0.0690111), (0.04927506, -0.00255, 0.069672085), (0.049747948, -0.00441673, 0.07147793), (0.05039392, -0.0051, 0.07394475), (0.051039893, -0.00441673, 0.07641157), (0.05151278, -0.00255, 0.07821741), (0.05168587, -6.2456986e-19, 0.078878395), (0.05151278, 0.00255, 0.07821741), (0.051039893, 0.00441673, 0.07641157), (0.05039392, 0.0051, 0.07394475), (0.049747948, 0.00441673, 0.07147793), (0.04927506, 0.00255, 0.069672085), (0.04476672, 0, 0.07014635), (0.04493981, -0.00255, 0.07080733), (0.045412693, -0.00441673, 0.07261317), (0.046058666, -0.0051, 0.07508), (0.04670464, -0.00441673, 0.07754682), (0.047177527, -0.00255, 0.07935266), (0.047350615, -6.2456986e-19, 0.08001365), (0.047177527, 0.00255, 0.07935266), (0.04670464, 0.00441673, 0.07754682), (0.046058666, 0.0051, 0.07508), (0.045412693, 0.00441673, 0.07261317), (0.04493981, 0.00255, 0.07080733)]
            uniform token purpose = "guide"
            uniform token subdivisionScheme = "none"
            token visibility = "invisible"
        }

        def Mesh "handle_22" (
            prepend apiSchemas = ["PhysicsCollisionAPI", "PhysicsMeshCollisionAPI", "MaterialBindingAPI"]
        )
        {
            float3[] extent = [(0.040794894, -0.0051, 0.070039), (0.046832193, 0.0051, 0.08081001)]
            int[] faceVertexCounts = [12, 12, 4, 4, 4, 4, 4, 4, 4, 4, 4, 4, 4, 4]
            int[] faceVertexIndices = [11, 10, 9, 8, 7, 6, 5, 4, 3, 2, 1, 0, 12, 13, 14, 15, 16, 17, 18, 19, 20, 21, 22, 23, 0, 1, 13, 12, 1, 2, 14, 13, 2, 3, 15, 14, 3, 4, 16, 15, 4, 5, 17, 16, 5, 6, 18, 17, 6, 7, 19, 18, 7, 8, 20, 19, 8, 9, 21, 20, 9, 10, 22, 21, 10, 11, 23, 22, 11, 0, 12, 23]
            rel material:binding:physics = </ceramic_mug_001/physics_materials/surface>
            uniform token physics:approximation = "convexHull"
            bool physics:collisionEnabled = 1
            point3f[] points = [(0.045285143, 0, 0.070039), (0.045388773, -0.00255, 0.07071436), (0.045671903, -0.00441673, 0.0725595), (0.046058666, -0.0051, 0.07508), (0.04644543, -0.00441673, 0.077600494), (0.04672856, -0.00255, 0.07944563), (0.046832193, -6.2456986e-19, 0.080120996), (0.04672856, 0.00255, 0.07944563), (0.04644543, 0.00441673, 0.077600494), (0.046058666, 0.0051, 0.07508), (0.045671903, 0.00441673, 0.0725595), (0.045388773, 0.00255, 0.07071436), (0.040794894, 0, 0.07072801), (0.040898524, -0.00255, 0.07140338), (0.041181654, -0.00441673, 0.07324851), (0.041568417, -0.0051, 0.075769015), (0.04195518, -0.00441673, 0.07828951), (0.04223831, -0.00255, 0.080134645), (0.04234194, -6.2456986e-19, 0.08081001), (0.04223831, 0.00255, 0.080134645), (0.04195518, 0.00441673, 0.07828951), (0.041568417, 0.0051, 0.075769015), (0.041181654, 0.00441673, 0.07324851), (0.040898524, 0.00255, 0.07140338)]
            uniform token purpose = "guide"
            uniform token subdivisionScheme = "none"
            token visibility = "invisible"
        }

        def Mesh "handle_23" (
            prepend apiSchemas = ["PhysicsCollisionAPI", "PhysicsMeshCollisionAPI", "MaterialBindingAPI"]
        )
        {
            float3[] extent = [(0.036742464, -0.0051, 0.070675515), (0.041825954, 0.0051, 0.08109349)]
            int[] faceVertexCounts = [12, 12, 4, 4, 4, 4, 4, 4, 4, 4, 4, 4, 4, 4]
            int[] faceVertexIndices = [11, 10, 9, 8, 7, 6, 5, 4, 3, 2, 1, 0, 12, 13, 14, 15, 16, 17, 18, 19, 20, 21, 22, 23, 0, 1, 13, 12, 1, 2, 14, 13, 2, 3, 15, 14, 3, 4, 16, 15, 4, 5, 17, 16, 5, 6, 18, 17, 6, 7, 19, 18, 7, 8, 20, 19, 8, 9, 21, 20, 9, 10, 22, 21, 10, 11, 23, 22, 11, 0, 12, 23]
            rel material:binding:physics = </ceramic_mug_001/physics_materials/surface>
            uniform token physics:approximation = "convexHull"
            bool physics:collisionEnabled = 1
            point3f[] points = [(0.04131088, 0, 0.070675515), (0.041345384, -0.00255, 0.07135791), (0.04143965, -0.00441673, 0.073222265), (0.041568417, -0.0051, 0.075769015), (0.041697185, -0.00441673, 0.07831576), (0.04179145, -0.00255, 0.08018011), (0.041825954, -6.2456986e-19, 0.08086251), (0.04179145, 0.00255, 0.08018011), (0.041697185, 0.00441673, 0.07831576), (0.041568417, 0.0051, 0.075769015), (0.04143965, 0.00441673, 0.073222265), (0.041345384, 0.00255, 0.07135791), (0.036742464, 0, 0.070906505), (0.036776967, -0.00255, 0.0715889), (0.036871232, -0.00441673, 0.073453255), (0.037, -0.0051, 0.076), (0.03712877, -0.00441673, 0.07854675), (0.037223034, -0.00255, 0.08041109), (0.037257537, -6.2456986e-19, 0.08109349), (0.037223034, 0.00255, 0.08041109), (0.03712877, 0.00441673, 0.07854675), (0.037, 0.0051, 0.076), (0.036871232, 0.00441673, 0.073453255), (0.036776967, 0.00255, 0.0715889)]
            uniform token purpose = "guide"
            uniform token subdivisionScheme = "none"
            token visibility = "invisible"
        }
    }
}

